Region,ZIP,POSTAL,STATE,ZIP_TYPE,TotalConfirmedCases,ActiveCases,Recovered,Death
E,77520,BAYTOWN,TX,STANDARD,256,105,147,4
E,77503,PASADENA,TX,STANDARD,247,114,132,1
E,77562,HIGHLANDS,TX,STANDARD,39,12,26,1
E,77536,DEER PARK,TX,STANDARD,273,123,148,2
E,77506,PASADENA,TX,STANDARD,420,197,217,6
E,77011,HOUSTON,TX,STANDARD,316,265,46,5
E,77547,GALENA PARK,TX,STANDARD,110,44,66,0
E,77020,HOUSTON,TX,STANDARD,488,420,64,4
E,77029,HOUSTON,TX,STANDARD,239,163,66,10
E,77530,CHANNELVIEW,TX,STANDARD,265,102,159,4
E,77015,HOUSTON,TX,STANDARD,521,267,250,4
E,77049,HOUSTON,TX,STANDARD,274,131,141,2
E,77013,HOUSTON,TX,STANDARD,250,210,38,2
E,77523,BAYTOWN,TX,STANDARD,6,2,4,0
E,77521,BAYTOWN,TX,STANDARD,407,159,242,6
E,77571,LA PORTE,TX,STANDARD,285,116,162,7
NE,77357,NEW CANEY,TX,STANDARD,1,1,0,0
NE,77535,DAYTON,TX,STANDARD,2,0,2,0
NE,77336,HUFFMAN,TX,STANDARD,32,16,16,0
NE,77396,HUMBLE,TX,STANDARD,543,213,326,4
NE,77078,HOUSTON,TX,STANDARD,239,196,42,1
NE,77044,HOUSTON,TX,STANDARD,427,211,213,3
NE,77532,CROSBY,TX,STANDARD,197,118,77,2
NE,77338,HUMBLE,TX,STANDARD,445,144,280,21
NE,77050,HOUSTON,TX,STANDARD,36,18,18,0
NE,77365,PORTER,TX,STANDARD,4,2,2,0
NE,77339,KINGWOOD,TX,STANDARD,136,94,28,14
NE,77345,KINGWOOD,TX,STANDARD,46,39,7,0
NE,77346,HUMBLE,TX,STANDARD,448,196,250,2
NW,77484,WALLER,TX,STANDARD,17,4,13,0
NW,77447,HOCKLEY,TX,STANDARD,104,45,59,0
NW,77355,MAGNOLIA,TX,STANDARD,0,0,0,0
NW,77377,TOMBALL,TX,STANDARD,193,60,132,1
NW,77064,HOUSTON,TX,STANDARD,422,163,245,14
NW,77040,HOUSTON,TX,STANDARD,509,323,182,4
NW,77065,HOUSTON,TX,STANDARD,238,91,147,0
NW,77095,HOUSTON,TX,STANDARD,493,198,292,3
NW,77433,CYPRESS,TX,STANDARD,696,315,375,6
NW,77429,CYPRESS,TX,STANDARD,544,224,318,2
NW,77362,PINEHURST,TX,STANDARD,0,0,0,0
N,77386,SPRING,TX,STANDARD,4,2,2,0
N,77354,MAGNOLIA,TX,STANDARD,2,0,2,0
N,77009,HOUSTON,TX,STANDARD,581,493,85,3
N,77028,HOUSTON,TX,STANDARD,277,208,65,4
N,77032,HOUSTON,TX,STANDARD,236,105,130,1
N,77069,HOUSTON,TX,STANDARD,75,33,42,0
N,77070,HOUSTON,TX,STANDARD,304,128,174,2
N,77375,TOMBALL,TX,STANDARD,338,147,188,3
N,77379,SPRING,TX,STANDARD,379,132,245,2
N,77076,HOUSTON,TX,STANDARD,548,445,99,4
N,77037,HOUSTON,TX,STANDARD,224,130,94,0
N,77066,HOUSTON,TX,STANDARD,191,42,148,1
N,77086,HOUSTON,TX,STANDARD,327,131,196,0
N,77038,HOUSTON,TX,STANDARD,290,127,159,4
N,77068,HOUSTON,TX,STANDARD,55,22,33,0
N,77014,HOUSTON,TX,STANDARD,232,63,163,6
N,77388,SPRING,TX,STANDARD,266,101,164,1
N,77373,SPRING,TX,STANDARD,467,194,263,10
N,77067,HOUSTON,TX,STANDARD,294,121,170,3
N,77090,HOUSTON,TX,STANDARD,264,97,162,5
N,77060,HOUSTON,TX,STANDARD,490,368,117,5
N,77073,HOUSTON,TX,STANDARD,482,219,262,1
N,77018,HOUSTON,TX,STANDARD,272,234,37,1
N,77088,HOUSTON,TX,STANDARD,723,503,215,5
N,77022,HOUSTON,TX,STANDARD,454,356,89,9
N,77091,HOUSTON,TX,STANDARD,441,352,80,9
N,77008,HOUSTON,TX,STANDARD,324,265,56,3
N,77039,HOUSTON,TX,STANDARD,258,92,161,5
N,77016,HOUSTON,TX,STANDARD,378,298,73,7
N,77026,HOUSTON,TX,STANDARD,379,326,48,5
N,77093,HOUSTON,TX,STANDARD,585,404,178,3
N,77382,SPRING,TX,STANDARD,1,0,1,0
N,77381,SPRING,TX,STANDARD,1,0,1,0
N,77389,SPRING,TX,STANDARD,193,55,136,2
N,77380,SPRING,TX,STANDARD,1,1,0,0
SE,77587,SOUTH HOUSTON,TX,STANDARD,203,106,95,2
SE,77502,PASADENA,TX,STANDARD,464,222,238,4
SE,77504,PASADENA,TX,STANDARD,312,186,120,6
SE,77507,PASADENA,TX,STANDARD,3,2,1,0
SE,77586,SEABROOK,TX,STANDARD,119,45,73,1
SE,77058,HOUSTON,TX,STANDARD,88,58,29,1
SE,77598,WEBSTER,TX,STANDARD,145,66,77,2
SE,77012,HOUSTON,TX,STANDARD,311,250,59,2
SE,77017,HOUSTON,TX,STANDARD,540,453,82,5
SE,77581,PEARLAND,TX,STANDARD,13,8,5,0
SE,77034,HOUSTON,TX,STANDARD,528,441,86,1
SE,77089,HOUSTON,TX,STANDARD,544,374,169,1
SE,77059,HOUSTON,TX,STANDARD,99,86,13,0
SE,77505,PASADENA,TX,STANDARD,212,109,101,2
SE,77546,FRIENDSWOOD,TX,STANDARD,97,38,59,0
SW,77006,HOUSTON,TX,STANDARD,263,203,59,1
SW,77025,HOUSTON,TX,STANDARD,231,178,53,0
SW,77036,HOUSTON,TX,STANDARD,1424,1134,278,12
SW,77081,HOUSTON,TX,STANDARD,886,716,158,12
SW,77005,HOUSTON,TX,STANDARD,81,41,39,1
SW,77099,HOUSTON,TX,STANDARD,987,769,205,13
SW,77498,SUGAR LAND,TX,STANDARD,1,0,1,0
SW,77072,HOUSTON,TX,STANDARD,1040,805,218,17
SW,77083,HOUSTON,TX,STANDARD,370,119,241,10
SW,77477,STAFFORD,TX,STANDARD,18,9,8,1
SW,77031,HOUSTON,TX,STANDARD,304,235,65,4
SW,77085,HOUSTON,TX,STANDARD,362,285,76,1
SW,77489,MISSOURI CITY,TX,STANDARD,103,81,22,0
SW,77401,BELLAIRE,TX,STANDARD,59,23,36,0
SW,77074,HOUSTON,TX,STANDARD,758,592,159,7
SW,77071,HOUSTON,TX,STANDARD,397,297,99,1
SW,77035,HOUSTON,TX,STANDARD,627,478,141,8
SW,77096,HOUSTON,TX,STANDARD,395,319,74,2
S,77584,PEARLAND,TX,STANDARD,8,6,2,0
S,77023,HOUSTON,TX,STANDARD,486,408,74,4
S,77004,HOUSTON,TX,STANDARD,349,275,68,6
S,77047,HOUSTON,TX,STANDARD,445,327,114,4
S,77048,HOUSTON,TX,STANDARD,307,247,55,5
S,77003,HOUSTON,TX,STANDARD,169,138,30,1
S,77002,HOUSTON,TX,STANDARD,549,505,43,1
S,77051,HOUSTON,TX,STANDARD,309,251,56,2
S,77030,HOUSTON,TX,STANDARD,198,158,32,8
S,77054,HOUSTON,TX,STANDARD,239,190,49,0
S,77045,HOUSTON,TX,STANDARD,735,595,130,10
S,77053,HOUSTON,TX,STANDARD,339,252,82,5
S,77021,HOUSTON,TX,STANDARD,344,270,69,5
S,77033,HOUSTON,TX,STANDARD,462,381,78,3
S,77087,HOUSTON,TX,STANDARD,798,662,130,6
S,77061,HOUSTON,TX,STANDARD,285,245,39,1
S,77075,HOUSTON,TX,STANDARD,514,433,81,0
W,77493,KATY,TX,STANDARD,435,173,258,4
W,77007,HOUSTON,TX,STANDARD,466,390,75,1
W,77063,HOUSTON,TX,STANDARD,499,401,88,10
W,77057,HOUSTON,TX,STANDARD,609,477,123,9
W,77024,HOUSTON,TX,STANDARD,237,164,70,3
W,77056,HOUSTON,TX,STANDARD,247,203,42,2
W,77042,HOUSTON,TX,STANDARD,461,363,95,3
W,77494,KATY,TX,STANDARD,87,33,53,1
W,77055,HOUSTON,TX,STANDARD,785,641,141,3
W,77450,KATY,TX,STANDARD,303,147,155,1
W,77449,KATY,TX,STANDARD,1381,528,847,6
W,77079,HOUSTON,TX,STANDARD,264,215,48,1
W,77094,HOUSTON,TX,STANDARD,51,29,22,0
W,77077,HOUSTON,TX,STANDARD,505,409,90,6
W,77082,HOUSTON,TX,STANDARD,565,408,151,6
W,77080,HOUSTON,TX,STANDARD,933,752,179,2
W,77043,HOUSTON,TX,STANDARD,424,327,95,2
W,77084,HOUSTON,TX,STANDARD,1120,551,564,5
W,77041,HOUSTON,TX,STANDARD,376,195,178,3
W,77027,HOUSTON,TX,STANDARD,172,152,19,1
W,77019,HOUSTON,TX,STANDARD,274,220,54,0
W,77098,HOUSTON,TX,STANDARD,147,130,16,1
