Region,ZIP,POSTAL,STATE,EDITOR,DATE_MOD,code,ZIP_TYPE,TotalConfirmedCases,ActiveCases,Recovered,Death
E,77535,DAYTON,TX,Brian Klinger,2011-05-26,LB,STANDARD,2,0,2,0
E,77562,HIGHLANDS,TX,Brian Klinger,2011-07-08,HA,STANDARD,10,1,8,1
E,77009,HOUSTON,TX,Brian Klinger,2011-07-11,HA,STANDARD,106,76,28,2
E,77028,HOUSTON,TX,Brian Klinger,2011-06-17,HA,STANDARD,104,64,38,2
E,77020,HOUSTON,TX,Brian Klinger,2011-06-14,HA,STANDARD,104,73,29,2
E,77029,HOUSTON,TX,Brian Klinger,2011-06-16,HA,STANDARD,81,42,33,6
E,77078,HOUSTON,TX,Brian Klinger,2011-06-17,HA,STANDARD,74,49,24,1
E,77044,HOUSTON,TX,Brian Klinger,2011-06-17,HA,STANDARD,191,89,100,2
E,77530,CHANNELVIEW,TX,Brian Klinger,2011-06-17,HA,STANDARD,102,43,59,0
E,77015,HOUSTON,TX,Brian Klinger,2011-06-16,HA,STANDARD,184,85,97,2
E,77532,CROSBY,TX,Brian Klinger,2011-07-08,HA,STANDARD,41,10,31,0
E,77049,HOUSTON,TX,Brian Klinger,2011-06-17,HA,STANDARD,77,29,46,2
E,77013,HOUSTON,TX,Brian Klinger,2011-06-17,HA,STANDARD,63,47,15,1
E,77050,HOUSTON,TX,Brian Klinger,2011-06-17,HA,STANDARD,15,5,10,0
E,77016,HOUSTON,TX,Brian Klinger,2011-06-17,HA,STANDARD,120,74,41,5
E,77026,HOUSTON,TX,Brian Klinger,2011-06-14,HA,STANDARD,119,90,27,2
E,77093,HOUSTON,TX,Brian Klinger,2011-07-08,HA,STANDARD,178,108,70,0
E,77521,BAYTOWN,TX,Brian Klinger,2011-07-08,HA,STANDARD,153,56,92,5
NE,77386,SPRING,TX,Ayuna Tsydypova,2011-06-07,MO,STANDARD,3,3,0,0
NE,77357,NEW CANEY,TX,Brian Klinger,2011-05-26,MO,STANDARD,0,0,0,0
NE,77535,DAYTON,TX,Brian Klinger,2011-05-26,LB,STANDARD,2,0,2,0
NE,77336,HUFFMAN,TX,Brian Klinger,2011-07-07,HA,STANDARD,6,5,1,0
NE,77396,HUMBLE,TX,Brian Klinger,2011-06-17,HA,STANDARD,219,94,124,1
NE,77044,HOUSTON,TX,Brian Klinger,2011-06-17,HA,STANDARD,191,89,100,2
NE,77532,CROSBY,TX,Brian Klinger,2011-07-08,HA,STANDARD,41,10,31,0
NE,77338,HUMBLE,TX,Brian Klinger,2011-06-17,HA,STANDARD,228,90,120,18
NE,77365,PORTER,TX,Ayuna Tsydypova,2011-06-08,MO,STANDARD,3,2,1,0
NE,77339,KINGWOOD,TX,Brian Klinger,2011-06-20,HA,STANDARD,73,52,16,5
NE,77345,KINGWOOD,TX,Brian Klinger,2011-06-20,HA,STANDARD,17,11,5,1
NE,77346,HUMBLE,TX,Brian Klinger,2011-07-08,HA,STANDARD,154,44,109,1
NW,77069,HOUSTON,TX,Ayuna Tsydypova,2011-06-14,HA,STANDARD,44,27,17,0
NW,77377,TOMBALL,TX,Brian Klinger,2011-07-07,HA,STANDARD,84,27,56,1
NW,77070,HOUSTON,TX,Brian Klinger,2011-07-08,HA,STANDARD,145,70,73,2
NW,77375,TOMBALL,TX,Ayuna Tsydypova,2011-06-06,HA,STANDARD,115,38,76,1
NW,77379,SPRING,TX,Brian Klinger,2011-07-07,HA,STANDARD,147,49,96,2
NW,77064,HOUSTON,TX,Ayuna Tsydypova,2011-06-15,HA,STANDARD,196,84,107,5
NW,77066,HOUSTON,TX,Ayuna Tsydypova,2011-06-15,HA,STANDARD,119,45,73,1
NW,77065,HOUSTON,TX,Ayuna Tsydypova,2011-06-15,HA,STANDARD,92,38,54,0
NW,77041,HOUSTON,TX,Wenge Fu,2012-02-16,HA,STANDARD,159,83,73,3
NW,77429,CYPRESS,TX,Ayuna Tsydypova,2011-06-08,HA,STANDARD,190,62,127,1
N,77386,SPRING,TX,Ayuna Tsydypova,2011-06-07,MO,STANDARD,3,3,0,0
N,77028,HOUSTON,TX,Brian Klinger,2011-06-17,HA,STANDARD,104,64,38,2
N,77032,HOUSTON,TX,Brian Klinger,2011-07-08,HA,STANDARD,130,80,49,1
N,77396,HUMBLE,TX,Brian Klinger,2011-06-17,HA,STANDARD,219,94,124,1
N,77078,HOUSTON,TX,Brian Klinger,2011-06-17,HA,STANDARD,74,49,24,1
N,77044,HOUSTON,TX,Brian Klinger,2011-06-17,HA,STANDARD,191,89,100,2
N,77069,HOUSTON,TX,Ayuna Tsydypova,2011-06-14,HA,STANDARD,44,27,17,0
N,77375,TOMBALL,TX,Ayuna Tsydypova,2011-06-06,HA,STANDARD,115,38,76,1
N,77379,SPRING,TX,Brian Klinger,2011-07-07,HA,STANDARD,147,49,96,2
N,77338,HUMBLE,TX,Brian Klinger,2011-06-17,HA,STANDARD,228,90,120,18
N,77076,HOUSTON,TX,Ayuna Tsydypova,2011-06-17,HA,STANDARD,129,92,36,1
N,77037,HOUSTON,TX,Ayuna Tsydypova,2011-06-17,HA,STANDARD,84,49,35,0
N,77064,HOUSTON,TX,Ayuna Tsydypova,2011-06-15,HA,STANDARD,196,84,107,5
N,77066,HOUSTON,TX,Ayuna Tsydypova,2011-06-15,HA,STANDARD,119,45,73,1
N,77086,HOUSTON,TX,Ayuna Tsydypova,2011-06-13,HA,STANDARD,148,76,72,0
N,77038,HOUSTON,TX,Ayuna Tsydypova,2011-06-16,HA,STANDARD,130,67,60,3
N,77068,HOUSTON,TX,Ayuna Tsydypova,2011-06-14,HA,STANDARD,24,6,18,0
N,77014,HOUSTON,TX,Ayuna Tsydypova,2011-06-10,HA,STANDARD,120,33,82,5
N,77388,SPRING,TX,Ayuna Tsydypova,2011-06-13,HA,STANDARD,94,34,60,0
N,77373,SPRING,TX,Ayuna Tsydypova,2011-06-20,HA,STANDARD,186,56,124,6
N,77067,HOUSTON,TX,Ayuna Tsydypova,2011-06-15,HA,STANDARD,164,72,89,3
N,77090,HOUSTON,TX,Ayuna Tsydypova,2011-06-08,HA,STANDARD,138,52,82,4
N,77060,HOUSTON,TX,Ayuna Tsydypova,2011-06-17,HA,STANDARD,141,91,49,1
N,77073,HOUSTON,TX,Ayuna Tsydypova,2011-06-17,HA,STANDARD,208,85,122,1
N,77088,HOUSTON,TX,Ayuna Tsydypova,2011-06-13,HA,STANDARD,260,168,89,3
N,77022,HOUSTON,TX,Ayuna Tsydypova,2011-06-11,HA,STANDARD,104,73,28,3
N,77091,HOUSTON,TX,Brian Klinger,2011-07-11,HA,STANDARD,137,96,36,5
N,77039,HOUSTON,TX,Ayuna Tsydypova,2011-06-17,HA,STANDARD,122,57,61,4
N,77050,HOUSTON,TX,Brian Klinger,2011-06-17,HA,STANDARD,15,5,10,0
N,77016,HOUSTON,TX,Brian Klinger,2011-06-17,HA,STANDARD,120,74,41,5
N,77093,HOUSTON,TX,Brian Klinger,2011-07-08,HA,STANDARD,178,108,70,0
N,77040,HOUSTON,TX,Ayuna Tsydypova,2011-06-09,HA,STANDARD,185,124,58,3
N,77389,SPRING,TX,Ayuna Tsydypova,2011-06-16,HA,STANDARD,93,39,53,1
N,77380,SPRING,TX,Ayuna Tsydypova,2011-06-07,MO,STANDARD,1,1,0,0
SE,77029,HOUSTON,TX,Brian Klinger,2011-06-16,HA,STANDARD,81,42,33,6
SE,77015,HOUSTON,TX,Brian Klinger,2011-06-16,HA,STANDARD,184,85,97,2
SW,77007,HOUSTON,TX,Brian Klinger,2011-06-09,HA,STANDARD,78,43,34,1
SW,77006,HOUSTON,TX,Brian Klinger,2011-06-08,HA,STANDARD,78,38,40,0
SW,77004,HOUSTON,TX,Wenge Fu,2011-10-12,HA,STANDARD,119,83,32,4
SW,77047,HOUSTON,TX,Ray A Smith Jr,2011-06-20,HA,STANDARD,161,96,61,4
SW,77003,HOUSTON,TX,Wenge Fu,2011-10-07,HA,STANDARD,37,25,12,0
SW,77002,HOUSTON,TX,Wenge Fu,2011-10-06,HA,STANDARD,313,293,19,1
SW,77046,HOUSTON,TX,Ahmed Giwa,2011-07-18,HA,STANDARD,3,3,0,0
SW,77051,HOUSTON,TX,Ray A Smith Jr,2011-06-20,HA,STANDARD,99,65,32,2
SW,77025,HOUSTON,TX,Brian Klinger,2011-06-21,HA,STANDARD,84,55,29,0
SW,77030,HOUSTON,TX,Brian Klinger,2011-06-15,HA,STANDARD,85,59,21,5
SW,77054,HOUSTON,TX,Brian Klinger,2011-06-15,HA,STANDARD,84,57,27,0
SW,77036,HOUSTON,TX,Ray A Smith Jr,2011-06-15,HA,STANDARD,609,481,120,8
SW,77081,HOUSTON,TX,Brian Klinger,2011-06-15,HA,STANDARD,296,215,72,9
SW,77005,HOUSTON,TX,Brian Klinger,2011-06-08,HA,STANDARD,37,15,21,1
SW,77099,HOUSTON,TX,Brian Klinger,2011-07-12,HA,STANDARD,349,259,86,4
SW,77045,HOUSTON,TX,Ray A Smith Jr,2011-06-20,HA,STANDARD,248,184,56,8
SW,77053,HOUSTON,TX,Ray A Smith Jr,2011-06-07,FB,STANDARD,121,83,35,3
SW,77477,STAFFORD,TX,Ray A Smith Jr,2011-06-21,HA,STANDARD,8,4,3,1
SW,77031,HOUSTON,TX,Brian Klinger,2011-07-12,HA,STANDARD,109,74,32,3
SW,77085,HOUSTON,TX,Ray A Smith jr,2011-06-17,HA,STANDARD,127,87,39,1
SW,77489,MISSOURI CITY,TX,Ray A Smith Jr,2011-06-07,FB,STANDARD,34,18,16,0
SW,77021,HOUSTON,TX,Brian Klinger,2011-06-15,HA,STANDARD,149,100,47,2
SW,77401,BELLAIRE,TX,Ahmed Giwa,2011-07-19,HA,STANDARD,29,11,18,0
SW,77074,HOUSTON,TX,Ray A Smith Jr,2011-06-15,HA,STANDARD,272,207,62,3
SW,77071,HOUSTON,TX,Brian Klinger,2011-07-12,HA,STANDARD,150,104,46,0
SW,77035,HOUSTON,TX,Brian Klinger,2011-07-12,HA,STANDARD,236,173,58,5
SW,77096,HOUSTON,TX,Brian Klinger,2011-07-12,HA,STANDARD,133,89,43,1
SW,77027,HOUSTON,TX,Brian Klinger,2011-06-14,HA,STANDARD,32,24,8,0
SW,77019,HOUSTON,TX,Brian Klinger,2011-06-14,HA,STANDARD,58,23,35,0
SW,77098,HOUSTON,TX,Brian Klinger,2011-06-14,HA,STANDARD,26,21,5,0
SW,77010,HOUSTON,TX,Brian Klinger,2011-06-10,HA,STANDARD,2,2,0,0
S,77020,HOUSTON,TX,Brian Klinger,2011-06-14,HA,STANDARD,104,73,29,2
S,77029,HOUSTON,TX,Brian Klinger,2011-06-16,HA,STANDARD,81,42,33,6
W,77009,HOUSTON,TX,Brian Klinger,2011-07-11,HA,STANDARD,106,76,28,2
W,77018,HOUSTON,TX,Ayuna Tsydypova,2011-06-13,HA,STANDARD,73,48,24,1
W,77022,HOUSTON,TX,Ayuna Tsydypova,2011-06-11,HA,STANDARD,104,73,28,3
W,77091,HOUSTON,TX,Brian Klinger,2011-07-11,HA,STANDARD,137,96,36,5
W,77092,HOUSTON,TX,Ayuna Tsydypova,2011-06-16,HA,STANDARD,127,105,22,0
W,77080,HOUSTON,TX,Ayuna Tsydypova,2011-06-13,HA,STANDARD,329,253,76,0
W,77041,HOUSTON,TX,Wenge Fu,2012-02-16,HA,STANDARD,159,83,73,3
