From_ID,To_ID,NearRank,From_PERIMETER,From_POLYID,From_SNBNAME,From_GLOBALID,From_AREA,From_LEN,From_COUNCIL_ACTIVE,From_RECOGNITION_DATE,From_SnbrInfoURL,From_WeCan,From_Top10,From_CEA_FLAG,To_Name,To_ADDRNO,To_PREFIX,To_STNAME,To_STTYPE,To_SUFFIX,To_CITY,To_ZIP,To_ADMIN,Total_Miles
1,52,1,16572.025,60,FOURTH WARD,{00000000-0000-0000-0000-000000000000},0.0,0.0,,,http://www.houstontx.gov/superneighborhoods/60.html,Y,,N,SCCI HOSPITAL,105, ,DREW ST, , ,HOUSTON,77006,2,0.33000984
1,92,2,16572.025,60,FOURTH WARD,{00000000-0000-0000-0000-000000000000},0.0,0.0,,,http://www.houstontx.gov/superneighborhoods/60.html,Y,,N,DUBUIS HOSPITAL FOR CONTINUING CARE,1919, ,LA BRANCH, , ,HOUSTON,77002,2,2.31951245
1,12,3,16572.025,60,FOURTH WARD,{00000000-0000-0000-0000-000000000000},0.0,0.0,,,http://www.houstontx.gov/superneighborhoods/60.html,Y,,N,CHRISTUS ST JOSEPH HOSPITAL,1919, ,LA BRANCH, , ,HOUSTON,77002,2,2.34238927
1,63,4,16572.025,60,FOURTH WARD,{00000000-0000-0000-0000-000000000000},0.0,0.0,,,http://www.houstontx.gov/superneighborhoods/60.html,Y,,N,DEPELCHIN CHILDRENS HOSPITAL,3214, ,AUSTIN, , ,HOUSTON,77004,2,2.92335369
1,51,5,16572.025,60,FOURTH WARD,{00000000-0000-0000-0000-000000000000},0.0,0.0,,,http://www.houstontx.gov/superneighborhoods/60.html,Y,,N,HEALTHSOUTH HOSPITAL AND DIAGNOSTIC CENTER,5445, ,LA BRANCH, , ,HOUSTON,77004,2,5.84803912
2,14,1,43118.77,63,SECOND WARD,{00000000-0000-0000-0000-000000000000},0.0,0.0,Yes,2008-05-13 00:00:00,http://www.houstontx.gov/superneighborhoods/63.html,Y,Y,Y,HOUSTON RECOVERY,4514, ,LYONS,AVE, ,HOUSTON,77020,2,3.62739511
2,92,2,43118.77,63,SECOND WARD,{00000000-0000-0000-0000-000000000000},0.0,0.0,Yes,2008-05-13 00:00:00,http://www.houstontx.gov/superneighborhoods/63.html,Y,Y,Y,DUBUIS HOSPITAL FOR CONTINUING CARE,1919, ,LA BRANCH, , ,HOUSTON,77002,2,3.72250588
2,12,3,43118.77,63,SECOND WARD,{00000000-0000-0000-0000-000000000000},0.0,0.0,Yes,2008-05-13 00:00:00,http://www.houstontx.gov/superneighborhoods/63.html,Y,Y,Y,CHRISTUS ST JOSEPH HOSPITAL,1919, ,LA BRANCH, , ,HOUSTON,77002,2,3.73998333
2,13,4,43118.77,63,SECOND WARD,{00000000-0000-0000-0000-000000000000},0.0,0.0,Yes,2008-05-13 00:00:00,http://www.houstontx.gov/superneighborhoods/63.html,Y,Y,Y,RIVERSIDE GENERAL HOSPITAL,3204, ,ENNIS ST, , ,HOUSTON,77004,2,4.85559242
2,63,5,43118.77,63,SECOND WARD,{00000000-0000-0000-0000-000000000000},0.0,0.0,Yes,2008-05-13 00:00:00,http://www.houstontx.gov/superneighborhoods/63.html,Y,Y,Y,DEPELCHIN CHILDRENS HOSPITAL,3214, ,AUSTIN, , ,HOUSTON,77004,2,5.85266358
3,52,2,39256.388,61,DOWNTOWN,{00000000-0000-0000-0000-000000000000},0.0,0.0,,,http://www.houstontx.gov/superneighborhoods/61.html,,,N,SCCI HOSPITAL,105, ,DREW ST, , ,HOUSTON,77006,2,1.76771697
3,63,3,39256.388,61,DOWNTOWN,{00000000-0000-0000-0000-000000000000},0.0,0.0,,,http://www.houstontx.gov/superneighborhoods/61.html,,,N,DEPELCHIN CHILDRENS HOSPITAL,3214, ,AUSTIN, , ,HOUSTON,77004,2,2.24903627
3,13,4,39256.388,61,DOWNTOWN,{00000000-0000-0000-0000-000000000000},0.0,0.0,,,http://www.houstontx.gov/superneighborhoods/61.html,,,N,RIVERSIDE GENERAL HOSPITAL,3204, ,ENNIS ST, , ,HOUSTON,77004,2,2.47707108
4,64,1,59784.698,59,CLINTON PARK TRI-COMMUNITY,{00000000-0000-0000-0000-000000000000},0.0,0.0,Yes,2000-11-20 00:00:00,http://www.houstontx.gov/superneighborhoods/59.html,Y,,Y,DEATON HOSPITAL,206,N,MAIN, , ,GALENA PARK,77547,2,2.10424488
4,15,2,59784.698,59,CLINTON PARK TRI-COMMUNITY,{00000000-0000-0000-0000-000000000000},0.0,0.0,Yes,2000-11-20 00:00:00,http://www.houstontx.gov/superneighborhoods/59.html,Y,,Y,DOCTOR'S HOSPITAL - EAST LOOP,9339,N,LOOP, ,E,HOUSTON,77029,2,3.40741611
4,89,3,59784.698,59,CLINTON PARK TRI-COMMUNITY,{00000000-0000-0000-0000-000000000000},0.0,0.0,Yes,2000-11-20 00:00:00,http://www.houstontx.gov/superneighborhoods/59.html,Y,,Y,BRILELA McCREA WOMAN'S PLACE,12605, ,EAST FREEWAY, , ,HOUSTON,77015,2,8.0691435
4,14,4,59784.698,59,CLINTON PARK TRI-COMMUNITY,{00000000-0000-0000-0000-000000000000},0.0,0.0,Yes,2000-11-20 00:00:00,http://www.houstontx.gov/superneighborhoods/59.html,Y,,Y,HOUSTON RECOVERY,4514, ,LYONS,AVE, ,HOUSTON,77020,2,10.078537
4,96,5,59784.698,59,CLINTON PARK TRI-COMMUNITY,{00000000-0000-0000-0000-000000000000},0.0,0.0,Yes,2000-11-20 00:00:00,http://www.houstontx.gov/superneighborhoods/59.html,Y,,Y,KINDRED BAY AREA HOSPITAL,1004, ,SEYMOUR,DR, ,PASADENA,77506,2,11.52101439
5,108,1,75759.39,21,GREATER UPTOWN,{00000000-0000-0000-0000-000000000000},0.0,0.0,,,http://www.houstontx.gov/superneighborhoods/21.html,,,N,HOUSTON DAY HOSPITAL,4665, ,SOUTHWEST FRWY, , ,HOUSTON,77027,2,1.04806073
5,11,2,75759.39,21,GREATER UPTOWN,{00000000-0000-0000-0000-000000000000},0.0,0.0,,,http://www.houstontx.gov/superneighborhoods/21.html,,,N,TWELVE OAKS HOSPITAL / BAYOU CITY MEDICAL CENTER,4200, ,PORTSMOUTH, , ,HOUSTON,77027,2,2.926104
5,39,3,75759.39,21,GREATER UPTOWN,{00000000-0000-0000-0000-000000000000},0.0,0.0,,,http://www.houstontx.gov/superneighborhoods/21.html,,,N,MEDICAL CENTER HOSPITAL - BELLAIRE,5314, ,DASHWOOD, , ,HOUSTON,77081,2,4.01711953
5,10,4,75759.39,21,GREATER UPTOWN,{00000000-0000-0000-0000-000000000000},0.0,0.0,,,http://www.houstontx.gov/superneighborhoods/21.html,,,N,COLUMBIA ROSEWOOD MEDICAL CENTER,9200, ,WESTHEIMER, , ,HOUSTON,77063,2,4.74613662
5,54,5,75759.39,21,GREATER UPTOWN,{00000000-0000-0000-0000-000000000000},0.0,0.0,,,http://www.houstontx.gov/superneighborhoods/21.html,,,N,WEST HOUSTON SURGICARE,970, ,CAMPBELL, , ,HEDWIG VILLAGE,77024,2,4.94919814
6,43,1,113669.041,5,GREATER INWOOD,{00000000-0000-0000-0000-000000000000},0.0,0.0,Yes,2000-05-11 00:00:00,http://www.houstontx.gov/superneighborhoods/5.html,,,Y,HCA N. HOUSTON MEDICAL CENTER PARKVIEW,7407, ,NORTH FREEWAY, , ,HOUSTON,77076,2,8.6381358
6,4,2,113669.041,5,GREATER INWOOD,{00000000-0000-0000-0000-000000000000},0.0,0.0,Yes,2000-05-11 00:00:00,http://www.houstontx.gov/superneighborhoods/5.html,,,Y,DOCTOR'S HOSPITAL - TIDWELL,510,W,TIDWELL,RD, ,HOUSTON,77091,2,9.1247025
6,1,3,113669.041,5,GREATER INWOOD,{00000000-0000-0000-0000-000000000000},0.0,0.0,Yes,2000-05-11 00:00:00,http://www.houstontx.gov/superneighborhoods/5.html,,,Y,DOCTOR'S HOSPITAL - PARKWAY,233,W,PARKER,RD, ,HOUSTON,77076,2,10.10297336
6,5,4,113669.041,5,GREATER INWOOD,{00000000-0000-0000-0000-000000000000},0.0,0.0,Yes,2000-05-11 00:00:00,http://www.houstontx.gov/superneighborhoods/5.html,,,Y,MEMORIAL HOSPITAL - NORTHWEST,1635,N,LOOP, ,W,HOUSTON,77008,2,10.72944985
6,3,5,113669.041,5,GREATER INWOOD,{00000000-0000-0000-0000-000000000000},0.0,0.0,Yes,2000-05-11 00:00:00,http://www.houstontx.gov/superneighborhoods/5.html,,,Y,SPRING BRANCH MEDICAL CENTER,8850, ,LONG POINT, , ,HOUSTON,77055,2,11.20768936
7,35,1,637.881,78,GREATER HOBBY AREA,{00000000-0000-0000-0000-000000000000},0.0,0.0,,,http://www.houstontx.gov/superneighborhoods/78.html,,,Y,I H S HOSPITAL,6160,S,LOOP, ,E,HOUSTON,77087,2,10.19258718
7,81,2,637.881,78,GREATER HOBBY AREA,{00000000-0000-0000-0000-000000000000},0.0,0.0,,,http://www.houstontx.gov/superneighborhoods/78.html,,,Y,SURGICAL OUTPATIENT HOSPITAL,3534, ,VISTA,RD, ,PASADENA,77504,2,10.42278723
7,42,4,637.881,78,GREATER HOBBY AREA,{00000000-0000-0000-0000-000000000000},0.0,0.0,,,http://www.houstontx.gov/superneighborhoods/78.html,,,Y,CULLEN WOMENS CENTER HOSPITAL,7443, ,CULLEN, , ,HOUSTON,77051,2,11.21652944
7,88,5,637.881,78,GREATER HOBBY AREA,{00000000-0000-0000-0000-000000000000},0.0,0.0,,,http://www.houstontx.gov/superneighborhoods/78.html,,,Y,BAYSHORE SURGERY CENTER,3333, ,BAYSHORE,BLVD, ,PASADENA,77504,2,11.61356368
8,42,2,60053.707,73,GOLFCREST / BELLFORT / REVEILLE,{00000000-0000-0000-0000-000000000000},0.0,0.0,Yes,2001-03-22 00:00:00,http://www.houstontx.gov/superneighborhoods/73.html,,,Y,CULLEN WOMENS CENTER HOSPITAL,7443, ,CULLEN, , ,HOUSTON,77051,2,6.42383176
8,32,3,60053.707,73,GOLFCREST / BELLFORT / REVEILLE,{00000000-0000-0000-0000-000000000000},0.0,0.0,Yes,2001-03-22 00:00:00,http://www.houstontx.gov/superneighborhoods/73.html,,,Y,HARRIS CO. PSYCHIATRIC CENTER,2800,S,MACGREGOR,WAY, ,HOUSTON,77021,2,10.80529112
8,13,4,60053.707,73,GOLFCREST / BELLFORT / REVEILLE,{00000000-0000-0000-0000-000000000000},0.0,0.0,Yes,2001-03-22 00:00:00,http://www.houstontx.gov/superneighborhoods/73.html,,,Y,RIVERSIDE GENERAL HOSPITAL,3204, ,ENNIS ST, , ,HOUSTON,77004,2,11.16867429
8,81,5,60053.707,73,GOLFCREST / BELLFORT / REVEILLE,{00000000-0000-0000-0000-000000000000},0.0,0.0,Yes,2001-03-22 00:00:00,http://www.houstontx.gov/superneighborhoods/73.html,,,Y,SURGICAL OUTPATIENT HOSPITAL,3534, ,VISTA,RD, ,PASADENA,77504,2,12.354616
10,85,2,212370.594,17,ELDRIDGE / WEST OAKS,{00000000-0000-0000-0000-000000000000},0.0,0.0,Yes,2010-12-15 00:00:00,http://www.houstontx.gov/superneighborhoods/17.html,,,N,HEALTH BRIDGE CHILDREN'S HOSPITAL,2929, ,WOODLAND PARK, , ,HOUSTON,77082,2,2.47377741
10,90,3,212370.594,17,ELDRIDGE / WEST OAKS,{00000000-0000-0000-0000-000000000000},0.0,0.0,Yes,2010-12-15 00:00:00,http://www.houstontx.gov/superneighborhoods/17.html,,,N,CHRISTUS ST. CATHERINE,777,S,FRY,RD, ,HOUSTON,77094,2,3.99598159
10,9,4,212370.594,17,ELDRIDGE / WEST OAKS,{00000000-0000-0000-0000-000000000000},0.0,0.0,Yes,2010-12-15 00:00:00,http://www.houstontx.gov/superneighborhoods/17.html,,,N,MEMORIAL HOSPITAL - MEMORIAL CITY,920, ,FROSTWOOD, , ,HOUSTON,77024,2,12.46200245
10,10,5,212370.594,17,ELDRIDGE / WEST OAKS,{00000000-0000-0000-0000-000000000000},0.0,0.0,Yes,2010-12-15 00:00:00,http://www.houstontx.gov/superneighborhoods/17.html,,,N,COLUMBIA ROSEWOOD MEDICAL CENTER,9200, ,WESTHEIMER, , ,HOUSTON,77063,2,13.01982876
11,52,1,88194.439,22,WASHINGTON AVENUE COALITION / MEMORIAL PARK,{00000000-0000-0000-0000-000000000000},0.0,0.0,Yes,2000-03-06 00:00:00,http://www.houstontx.gov/superneighborhoods/22.html,,,N,SCCI HOSPITAL,105, ,DREW ST, , ,HOUSTON,77006,2,2.93129497
11,92,2,88194.439,22,WASHINGTON AVENUE COALITION / MEMORIAL PARK,{00000000-0000-0000-0000-000000000000},0.0,0.0,Yes,2000-03-06 00:00:00,http://www.houstontx.gov/superneighborhoods/22.html,,,N,DUBUIS HOSPITAL FOR CONTINUING CARE,1919, ,LA BRANCH, , ,HOUSTON,77002,2,3.53242786
11,12,3,88194.439,22,WASHINGTON AVENUE COALITION / MEMORIAL PARK,{00000000-0000-0000-0000-000000000000},0.0,0.0,Yes,2000-03-06 00:00:00,http://www.houstontx.gov/superneighborhoods/22.html,,,N,CHRISTUS ST JOSEPH HOSPITAL,1919, ,LA BRANCH, , ,HOUSTON,77002,2,3.56656514
11,6,4,88194.439,22,WASHINGTON AVENUE COALITION / MEMORIAL PARK,{00000000-0000-0000-0000-000000000000},0.0,0.0,Yes,2000-03-06 00:00:00,http://www.houstontx.gov/superneighborhoods/22.html,,,N,SELECT SPECIALTY HOSPITAL,1917, ,ASHLAND, , ,HOUSTON,77008,2,4.81237264
11,63,5,88194.439,22,WASHINGTON AVENUE COALITION / MEMORIAL PARK,{00000000-0000-0000-0000-000000000000},0.0,0.0,Yes,2000-03-06 00:00:00,http://www.houstontx.gov/superneighborhoods/22.html,,,N,DEPELCHIN CHILDRENS HOSPITAL,3214, ,AUSTIN, , ,HOUSTON,77004,2,4.92702608
12,7,2,55192.156,55,GREATER FIFTH WARD,{00000000-0000-0000-0000-000000000000},0.0,0.0,Yes,2000-11-20 00:00:00,http://www.houstontx.gov/superneighborhoods/55.html,Y,Y,Y,LYNDON B. JOHNSON HOSPITAL,5656, ,KELLEY, , ,HOUSTON,77026,1,3.79094257
12,92,3,55192.156,55,GREATER FIFTH WARD,{00000000-0000-0000-0000-000000000000},0.0,0.0,Yes,2000-11-20 00:00:00,http://www.houstontx.gov/superneighborhoods/55.html,Y,Y,Y,DUBUIS HOSPITAL FOR CONTINUING CARE,1919, ,LA BRANCH, , ,HOUSTON,77002,2,5.13322155
12,12,4,55192.156,55,GREATER FIFTH WARD,{00000000-0000-0000-0000-000000000000},0.0,0.0,Yes,2000-11-20 00:00:00,http://www.houstontx.gov/superneighborhoods/55.html,Y,Y,Y,CHRISTUS ST JOSEPH HOSPITAL,1919, ,LA BRANCH, , ,HOUSTON,77002,2,5.16561391
12,63,5,55192.156,55,GREATER FIFTH WARD,{00000000-0000-0000-0000-000000000000},0.0,0.0,Yes,2000-11-20 00:00:00,http://www.houstontx.gov/superneighborhoods/55.html,Y,Y,Y,DEPELCHIN CHILDRENS HOSPITAL,3214, ,AUSTIN, , ,HOUSTON,77004,2,7.56748996
13,14,1,80879.515,56,DENVER HARBOR / PORT HOUSTON,{00000000-0000-0000-0000-000000000000},0.0,0.0,No,2001-06-05 00:00:00,http://www.houstontx.gov/superneighborhoods/56.html,Y,,Y,HOUSTON RECOVERY,4514, ,LYONS,AVE, ,HOUSTON,77020,2,2.32821397
13,15,2,80879.515,56,DENVER HARBOR / PORT HOUSTON,{00000000-0000-0000-0000-000000000000},0.0,0.0,No,2001-06-05 00:00:00,http://www.houstontx.gov/superneighborhoods/56.html,Y,,Y,DOCTOR'S HOSPITAL - EAST LOOP,9339,N,LOOP, ,E,HOUSTON,77029,2,3.54748863
13,7,3,80879.515,56,DENVER HARBOR / PORT HOUSTON,{00000000-0000-0000-0000-000000000000},0.0,0.0,No,2001-06-05 00:00:00,http://www.houstontx.gov/superneighborhoods/56.html,Y,,Y,LYNDON B. JOHNSON HOSPITAL,5656, ,KELLEY, , ,HOUSTON,77026,1,4.28850598
13,64,4,80879.515,56,DENVER HARBOR / PORT HOUSTON,{00000000-0000-0000-0000-000000000000},0.0,0.0,No,2001-06-05 00:00:00,http://www.houstontx.gov/superneighborhoods/56.html,Y,,Y,DEATON HOSPITAL,206,N,MAIN, , ,GALENA PARK,77547,2,4.94019906
13,92,5,80879.515,56,DENVER HARBOR / PORT HOUSTON,{00000000-0000-0000-0000-000000000000},0.0,0.0,No,2001-06-05 00:00:00,http://www.houstontx.gov/superneighborhoods/56.html,Y,,Y,DUBUIS HOSPITAL FOR CONTINUING CARE,1919, ,LA BRANCH, , ,HOUSTON,77002,2,9.21710767
14,15,1,47322.95,57,PLEASANTVILLE AREA,{00000000-0000-0000-0000-000000000000},0.0,0.0,Yes,2001-10-15 00:00:00,http://www.houstontx.gov/superneighborhoods/57.html,,,Y,DOCTOR'S HOSPITAL - EAST LOOP,9339,N,LOOP, ,E,HOUSTON,77029,2,0.20333889
14,7,2,47322.95,57,PLEASANTVILLE AREA,{00000000-0000-0000-0000-000000000000},0.0,0.0,Yes,2001-10-15 00:00:00,http://www.houstontx.gov/superneighborhoods/57.html,,,Y,LYNDON B. JOHNSON HOSPITAL,5656, ,KELLEY, , ,HOUSTON,77026,1,5.1368556
14,64,3,47322.95,57,PLEASANTVILLE AREA,{00000000-0000-0000-0000-000000000000},0.0,0.0,Yes,2001-10-15 00:00:00,http://www.houstontx.gov/superneighborhoods/57.html,,,Y,DEATON HOSPITAL,206,N,MAIN, , ,GALENA PARK,77547,2,6.47993998
14,14,4,47322.95,57,PLEASANTVILLE AREA,{00000000-0000-0000-0000-000000000000},0.0,0.0,Yes,2001-10-15 00:00:00,http://www.houstontx.gov/superneighborhoods/57.html,,,Y,HOUSTON RECOVERY,4514, ,LYONS,AVE, ,HOUSTON,77020,2,7.27303606
14,89,5,47322.95,57,PLEASANTVILLE AREA,{00000000-0000-0000-0000-000000000000},0.0,0.0,Yes,2001-10-15 00:00:00,http://www.houstontx.gov/superneighborhoods/57.html,,,Y,BRILELA McCREA WOMAN'S PLACE,12605, ,EAST FREEWAY, , ,HOUSTON,77015,2,10.00065121
15,64,2,110804.437,58,NORTHSHORE,{00000000-0000-0000-0000-000000000000},0.0,0.0,,,http://www.houstontx.gov/superneighborhoods/58.html,,,Y,DEATON HOSPITAL,206,N,MAIN, , ,GALENA PARK,77547,2,6.00438334
15,99,3,110804.437,58,NORTHSHORE,{00000000-0000-0000-0000-000000000000},0.0,0.0,,,http://www.houstontx.gov/superneighborhoods/58.html,,,Y,TRIUMPH HOSPITAL EAST HOUSTON,15101, ,EAST FREEWAY, , , ,77530,2,7.34252453
16,5,1,47186.948,14,LAZYBROOK / TIMBERGROVE,{00000000-0000-0000-0000-000000000000},0.0,0.0,,,http://www.houstontx.gov/superneighborhoods/14.html,,,N,MEMORIAL HOSPITAL - NORTHWEST,1635,N,LOOP, ,W,HOUSTON,77008,2,1.56986614
16,6,2,47186.948,14,LAZYBROOK / TIMBERGROVE,{00000000-0000-0000-0000-000000000000},0.0,0.0,,,http://www.houstontx.gov/superneighborhoods/14.html,,,N,SELECT SPECIALTY HOSPITAL,1917, ,ASHLAND, , ,HOUSTON,77008,2,2.6886339
16,52,3,47186.948,14,LAZYBROOK / TIMBERGROVE,{00000000-0000-0000-0000-000000000000},0.0,0.0,,,http://www.houstontx.gov/superneighborhoods/14.html,,,N,SCCI HOSPITAL,105, ,DREW ST, , ,HOUSTON,77006,2,9.58111291
16,3,4,47186.948,14,LAZYBROOK / TIMBERGROVE,{00000000-0000-0000-0000-000000000000},0.0,0.0,,,http://www.houstontx.gov/superneighborhoods/14.html,,,N,SPRING BRANCH MEDICAL CENTER,8850, ,LONG POINT, , ,HOUSTON,77055,2,9.80038785
16,4,5,47186.948,14,LAZYBROOK / TIMBERGROVE,{00000000-0000-0000-0000-000000000000},0.0,0.0,,,http://www.houstontx.gov/superneighborhoods/14.html,,,N,DOCTOR'S HOSPITAL - TIDWELL,510,W,TIDWELL,RD, ,HOUSTON,77091,2,10.07391668
17,52,2,67130.734,15,GREATER HEIGHTS,{00000000-0000-0000-0000-000000000000},0.0,0.0,Yes,2000-03-06 00:00:00,http://www.houstontx.gov/superneighborhoods/15.html,,,N,SCCI HOSPITAL,105, ,DREW ST, , ,HOUSTON,77006,2,6.37066122
17,92,3,67130.734,15,GREATER HEIGHTS,{00000000-0000-0000-0000-000000000000},0.0,0.0,Yes,2000-03-06 00:00:00,http://www.houstontx.gov/superneighborhoods/15.html,,,N,DUBUIS HOSPITAL FOR CONTINUING CARE,1919, ,LA BRANCH, , ,HOUSTON,77002,2,6.78419193
17,12,4,67130.734,15,GREATER HEIGHTS,{00000000-0000-0000-0000-000000000000},0.0,0.0,Yes,2000-03-06 00:00:00,http://www.houstontx.gov/superneighborhoods/15.html,,,N,CHRISTUS ST JOSEPH HOSPITAL,1919, ,LA BRANCH, , ,HOUSTON,77002,2,6.82434774
18,14,2,52352.042,52,KASHMERE GARDENS,{00000000-0000-0000-0000-000000000000},0.0,0.0,Yes,2000-03-06 00:00:00,http://www.houstontx.gov/superneighborhoods/52.html,Y,,Y,HOUSTON RECOVERY,4514, ,LYONS,AVE, ,HOUSTON,77020,2,3.97769404
18,15,3,52352.042,52,KASHMERE GARDENS,{00000000-0000-0000-0000-000000000000},0.0,0.0,Yes,2000-03-06 00:00:00,http://www.houstontx.gov/superneighborhoods/52.html,Y,,Y,DOCTOR'S HOSPITAL - EAST LOOP,9339,N,LOOP, ,E,HOUSTON,77029,2,4.84650479
18,6,4,52352.042,52,KASHMERE GARDENS,{00000000-0000-0000-0000-000000000000},0.0,0.0,Yes,2000-03-06 00:00:00,http://www.houstontx.gov/superneighborhoods/52.html,Y,,Y,SELECT SPECIALTY HOSPITAL,1917, ,ASHLAND, , ,HOUSTON,77008,2,10.68423326
18,92,5,52352.042,52,KASHMERE GARDENS,{00000000-0000-0000-0000-000000000000},0.0,0.0,Yes,2000-03-06 00:00:00,http://www.houstontx.gov/superneighborhoods/52.html,Y,,Y,DUBUIS HOSPITAL FOR CONTINUING CARE,1919, ,LA BRANCH, , ,HOUSTON,77002,2,10.98115729
19,42,1,80038.578,77,MINNETEX,{00000000-0000-0000-0000-000000000000},0.0,0.0,Yes,2001-03-22 00:00:00,http://www.houstontx.gov/superneighborhoods/77.html,Y,,Y,CULLEN WOMENS CENTER HOSPITAL,7443, ,CULLEN, , ,HOUSTON,77051,2,8.17603543
19,35,2,80038.578,77,MINNETEX,{00000000-0000-0000-0000-000000000000},0.0,0.0,Yes,2001-03-22 00:00:00,http://www.houstontx.gov/superneighborhoods/77.html,Y,,Y,I H S HOSPITAL,6160,S,LOOP, ,E,HOUSTON,77087,2,8.81455077
19,32,3,80038.578,77,MINNETEX,{00000000-0000-0000-0000-000000000000},0.0,0.0,Yes,2001-03-22 00:00:00,http://www.houstontx.gov/superneighborhoods/77.html,Y,,Y,HARRIS CO. PSYCHIATRIC CENTER,2800,S,MACGREGOR,WAY, ,HOUSTON,77021,2,16.66086745
19,31,4,80038.578,77,MINNETEX,{00000000-0000-0000-0000-000000000000},0.0,0.0,Yes,2001-03-22 00:00:00,http://www.houstontx.gov/superneighborhoods/77.html,Y,,Y,VETERANS AFFAIRS HOSPITAL,2002, ,HOLCOMBE, , ,HOUSTON,77054,2,16.67432861
19,24,5,80038.578,77,MINNETEX,{00000000-0000-0000-0000-000000000000},0.0,0.0,Yes,2001-03-22 00:00:00,http://www.houstontx.gov/superneighborhoods/77.html,Y,,Y,INTRACARE HOSPITAL,7601, ,FANNIN, , ,HOUSTON,77054,2,16.87824537
20,14,1,50141.033,51,NEAR NORTHSIDE,{00000000-0000-0000-0000-000000000000},0.0,0.0,No,2001-10-15 00:00:00,http://www.houstontx.gov/superneighborhoods/51.html,Y,,Y,HOUSTON RECOVERY,4514, ,LYONS,AVE, ,HOUSTON,77020,2,4.79693099
20,92,2,50141.033,51,NEAR NORTHSIDE,{00000000-0000-0000-0000-000000000000},0.0,0.0,No,2001-10-15 00:00:00,http://www.houstontx.gov/superneighborhoods/51.html,Y,,Y,DUBUIS HOSPITAL FOR CONTINUING CARE,1919, ,LA BRANCH, , ,HOUSTON,77002,2,5.54064232
20,12,3,50141.033,51,NEAR NORTHSIDE,{00000000-0000-0000-0000-000000000000},0.0,0.0,No,2001-10-15 00:00:00,http://www.houstontx.gov/superneighborhoods/51.html,Y,,Y,CHRISTUS ST JOSEPH HOSPITAL,1919, ,LA BRANCH, , ,HOUSTON,77002,2,5.58190685
20,6,4,50141.033,51,NEAR NORTHSIDE,{00000000-0000-0000-0000-000000000000},0.0,0.0,No,2001-10-15 00:00:00,http://www.houstontx.gov/superneighborhoods/51.html,Y,,Y,SELECT SPECIALTY HOSPITAL,1917, ,ASHLAND, , ,HOUSTON,77008,2,6.18132573
20,52,5,50141.033,51,NEAR NORTHSIDE,{00000000-0000-0000-0000-000000000000},0.0,0.0,No,2001-10-15 00:00:00,http://www.houstontx.gov/superneighborhoods/51.html,Y,,Y,SCCI HOSPITAL,105, ,DREW ST, , ,HOUSTON,77006,2,6.19670365
21,3,1,57962.346,86,SPRING BRANCH EAST,{00000000-0000-0000-0000-000000000000},0.0,0.0,Yes,2000-05-11 00:00:00,http://www.houstontx.gov/superneighborhoods/86.html,,,Y,SPRING BRANCH MEDICAL CENTER,8850, ,LONG POINT, , ,HOUSTON,77055,2,1.51329747
21,54,2,57962.346,86,SPRING BRANCH EAST,{00000000-0000-0000-0000-000000000000},0.0,0.0,Yes,2000-05-11 00:00:00,http://www.houstontx.gov/superneighborhoods/86.html,,,Y,WEST HOUSTON SURGICARE,970, ,CAMPBELL, , ,HEDWIG VILLAGE,77024,2,3.9586929
21,5,3,57962.346,86,SPRING BRANCH EAST,{00000000-0000-0000-0000-000000000000},0.0,0.0,Yes,2000-05-11 00:00:00,http://www.houstontx.gov/superneighborhoods/86.html,,,Y,MEMORIAL HOSPITAL - NORTHWEST,1635,N,LOOP, ,W,HOUSTON,77008,2,5.47300307
21,2,4,57962.346,86,SPRING BRANCH EAST,{00000000-0000-0000-0000-000000000000},0.0,0.0,Yes,2000-05-11 00:00:00,http://www.houstontx.gov/superneighborhoods/86.html,,,Y,MEMORIAL SPRING SHADOWS GLEN HOSPITAL,2801, ,GESSNER, , ,HOUSTON,77080,2,9.16475353
21,6,5,57962.346,86,SPRING BRANCH EAST,{00000000-0000-0000-0000-000000000000},0.0,0.0,Yes,2000-05-11 00:00:00,http://www.houstontx.gov/superneighborhoods/86.html,,,Y,SELECT SPECIALTY HOSPITAL,1917, ,ASHLAND, , ,HOUSTON,77008,2,9.30350444
23,3,2,43303.814,84,SPRING BRANCH NORTH,{00000000-0000-0000-0000-000000000000},0.0,0.0,Yes,2005-03-14 00:00:00,http://www.houstontx.gov/superneighborhoods/84.html,,,N,SPRING BRANCH MEDICAL CENTER,8850, ,LONG POINT, , ,HOUSTON,77055,2,3.16129512
23,9,3,43303.814,84,SPRING BRANCH NORTH,{00000000-0000-0000-0000-000000000000},0.0,0.0,Yes,2005-03-14 00:00:00,http://www.houstontx.gov/superneighborhoods/84.html,,,N,MEMORIAL HOSPITAL - MEMORIAL CITY,920, ,FROSTWOOD, , ,HOUSTON,77024,2,5.72492152
23,54,4,43303.814,84,SPRING BRANCH NORTH,{00000000-0000-0000-0000-000000000000},0.0,0.0,Yes,2005-03-14 00:00:00,http://www.houstontx.gov/superneighborhoods/84.html,,,N,WEST HOUSTON SURGICARE,970, ,CAMPBELL, , ,HEDWIG VILLAGE,77024,2,5.77731151
23,10,5,43303.814,84,SPRING BRANCH NORTH,{00000000-0000-0000-0000-000000000000},0.0,0.0,Yes,2005-03-14 00:00:00,http://www.houstontx.gov/superneighborhoods/84.html,,,N,COLUMBIA ROSEWOOD MEDICAL CENTER,9200, ,WESTHEIMER, , ,HOUSTON,77063,2,15.28704423
24,15,1,57859.757,53,EL DORADO / OATES PRAIRIE,{00000000-0000-0000-0000-000000000000},0.0,0.0,,,http://www.houstontx.gov/superneighborhoods/53.html,,,Y,DOCTOR'S HOSPITAL - EAST LOOP,9339,N,LOOP, ,E,HOUSTON,77029,2,0.27697176
24,7,2,57859.757,53,EL DORADO / OATES PRAIRIE,{00000000-0000-0000-0000-000000000000},0.0,0.0,,,http://www.houstontx.gov/superneighborhoods/53.html,,,Y,LYNDON B. JOHNSON HOSPITAL,5656, ,KELLEY, , ,HOUSTON,77026,1,6.22668107
24,89,3,57859.757,53,EL DORADO / OATES PRAIRIE,{00000000-0000-0000-0000-000000000000},0.0,0.0,,,http://www.houstontx.gov/superneighborhoods/53.html,,,Y,BRILELA McCREA WOMAN'S PLACE,12605, ,EAST FREEWAY, , ,HOUSTON,77015,2,6.93266912
24,16,4,57859.757,53,EL DORADO / OATES PRAIRIE,{00000000-0000-0000-0000-000000000000},0.0,0.0,,,http://www.houstontx.gov/superneighborhoods/53.html,,,Y,EAST HOUSTON REGIONAL MEDICAL CENTER,13111, ,EAST FREEWAY, , ,HOUSTON,77015,2,8.24973205
24,14,5,57859.757,53,EL DORADO / OATES PRAIRIE,{00000000-0000-0000-0000-000000000000},0.0,0.0,,,http://www.houstontx.gov/superneighborhoods/53.html,,,Y,HOUSTON RECOVERY,4514, ,LYONS,AVE, ,HOUSTON,77020,2,10.55406717
25,54,2,57315.513,85,SPRING BRANCH CENTRAL,{00000000-0000-0000-0000-000000000000},0.0,0.0,Yes,2000-08-24 00:00:00,http://www.houstontx.gov/superneighborhoods/85.html,,,Y,WEST HOUSTON SURGICARE,970, ,CAMPBELL, , ,HEDWIG VILLAGE,77024,2,1.33826401
25,2,3,57315.513,85,SPRING BRANCH CENTRAL,{00000000-0000-0000-0000-000000000000},0.0,0.0,Yes,2000-08-24 00:00:00,http://www.houstontx.gov/superneighborhoods/85.html,,,Y,MEMORIAL SPRING SHADOWS GLEN HOSPITAL,2801, ,GESSNER, , ,HOUSTON,77080,2,3.99629849
25,9,4,57315.513,85,SPRING BRANCH CENTRAL,{00000000-0000-0000-0000-000000000000},0.0,0.0,Yes,2000-08-24 00:00:00,http://www.houstontx.gov/superneighborhoods/85.html,,,Y,MEMORIAL HOSPITAL - MEMORIAL CITY,920, ,FROSTWOOD, , ,HOUSTON,77024,2,5.08312215
25,10,5,57315.513,85,SPRING BRANCH CENTRAL,{00000000-0000-0000-0000-000000000000},0.0,0.0,Yes,2000-08-24 00:00:00,http://www.houstontx.gov/superneighborhoods/85.html,,,Y,COLUMBIA ROSEWOOD MEDICAL CENTER,9200, ,WESTHEIMER, , ,HOUSTON,77063,2,10.18421722
26,89,1,30493.459,54,HUNTERWOOD,{00000000-0000-0000-0000-000000000000},0.0,0.0,,,http://www.houstontx.gov/superneighborhoods/54.html,,,N,BRILELA McCREA WOMAN'S PLACE,12605, ,EAST FREEWAY, , ,HOUSTON,77015,2,8.4256247
26,15,2,30493.459,54,HUNTERWOOD,{00000000-0000-0000-0000-000000000000},0.0,0.0,,,http://www.houstontx.gov/superneighborhoods/54.html,,,N,DOCTOR'S HOSPITAL - EAST LOOP,9339,N,LOOP, ,E,HOUSTON,77029,2,8.68357276
26,16,3,30493.459,54,HUNTERWOOD,{00000000-0000-0000-0000-000000000000},0.0,0.0,,,http://www.houstontx.gov/superneighborhoods/54.html,,,N,EAST HOUSTON REGIONAL MEDICAL CENTER,13111, ,EAST FREEWAY, , ,HOUSTON,77015,2,9.06711847
26,99,4,30493.459,54,HUNTERWOOD,{00000000-0000-0000-0000-000000000000},0.0,0.0,,,http://www.houstontx.gov/superneighborhoods/54.html,,,N,TRIUMPH HOSPITAL EAST HOUSTON,15101, ,EAST FREEWAY, , , ,77530,2,14.11136598
26,7,5,30493.459,54,HUNTERWOOD,{00000000-0000-0000-0000-000000000000},0.0,0.0,,,http://www.houstontx.gov/superneighborhoods/54.html,,,N,LYNDON B. JOHNSON HOSPITAL,5656, ,KELLEY, , ,HOUSTON,77026,1,15.71213955
27,15,1,33779.628,50,SETTEGAST,{00000000-0000-0000-0000-000000000000},0.0,0.0,Yes,2000-08-24 00:00:00,http://www.houstontx.gov/superneighborhoods/50.html,Y,,Y,DOCTOR'S HOSPITAL - EAST LOOP,9339,N,LOOP, ,E,HOUSTON,77029,2,3.7228501
27,7,2,33779.628,50,SETTEGAST,{00000000-0000-0000-0000-000000000000},0.0,0.0,Yes,2000-08-24 00:00:00,http://www.houstontx.gov/superneighborhoods/50.html,Y,,Y,LYNDON B. JOHNSON HOSPITAL,5656, ,KELLEY, , ,HOUSTON,77026,1,4.55684176
27,14,3,33779.628,50,SETTEGAST,{00000000-0000-0000-0000-000000000000},0.0,0.0,Yes,2000-08-24 00:00:00,http://www.houstontx.gov/superneighborhoods/50.html,Y,,Y,HOUSTON RECOVERY,4514, ,LYONS,AVE, ,HOUSTON,77020,2,8.86571556
27,89,4,33779.628,50,SETTEGAST,{00000000-0000-0000-0000-000000000000},0.0,0.0,Yes,2000-08-24 00:00:00,http://www.houstontx.gov/superneighborhoods/50.html,Y,,Y,BRILELA McCREA WOMAN'S PLACE,12605, ,EAST FREEWAY, , ,HOUSTON,77015,2,13.81627739
27,47,5,33779.628,50,SETTEGAST,{00000000-0000-0000-0000-000000000000},0.0,0.0,Yes,2000-08-24 00:00:00,http://www.houstontx.gov/superneighborhoods/50.html,Y,,Y,HOUSTON COMMUNITY HOSPITAL - NORTHSIDE,2807,W,LITTLE YORK,RD, , ,77093,2,14.05098932
28,3,1,33997.809,11,LANGWOOD,{00000000-0000-0000-0000-000000000000},0.0,0.0,,,http://www.houstontx.gov/superneighborhoods/11.html,,,Y,SPRING BRANCH MEDICAL CENTER,8850, ,LONG POINT, , ,HOUSTON,77055,2,2.77582063
28,54,2,33997.809,11,LANGWOOD,{00000000-0000-0000-0000-000000000000},0.0,0.0,,,http://www.houstontx.gov/superneighborhoods/11.html,,,Y,WEST HOUSTON SURGICARE,970, ,CAMPBELL, , ,HEDWIG VILLAGE,77024,2,7.62385724
28,2,3,33997.809,11,LANGWOOD,{00000000-0000-0000-0000-000000000000},0.0,0.0,,,http://www.houstontx.gov/superneighborhoods/11.html,,,Y,MEMORIAL SPRING SHADOWS GLEN HOSPITAL,2801, ,GESSNER, , ,HOUSTON,77080,2,7.93266029
28,5,4,33997.809,11,LANGWOOD,{00000000-0000-0000-0000-000000000000},0.0,0.0,,,http://www.houstontx.gov/superneighborhoods/11.html,,,Y,MEMORIAL HOSPITAL - NORTHWEST,1635,N,LOOP, ,W,HOUSTON,77008,2,8.44127198
28,9,5,33997.809,11,LANGWOOD,{00000000-0000-0000-0000-000000000000},0.0,0.0,,,http://www.houstontx.gov/superneighborhoods/11.html,,,Y,MEMORIAL HOSPITAL - MEMORIAL CITY,920, ,FROSTWOOD, , ,HOUSTON,77024,2,11.13558505
29,4,1,42365.115,13,INDEPENDENCE HEIGHTS,{00000000-0000-0000-0000-000000000000},0.0,0.0,Yes,2001-06-05 00:00:00,http://www.houstontx.gov/superneighborhoods/13.html,Y,Y,Y,DOCTOR'S HOSPITAL - TIDWELL,510,W,TIDWELL,RD, ,HOUSTON,77091,2,0.1768591
29,6,2,42365.115,13,INDEPENDENCE HEIGHTS,{00000000-0000-0000-0000-000000000000},0.0,0.0,Yes,2001-06-05 00:00:00,http://www.houstontx.gov/superneighborhoods/13.html,Y,Y,Y,SELECT SPECIALTY HOSPITAL,1917, ,ASHLAND, , ,HOUSTON,77008,2,2.32469487
29,1,3,42365.115,13,INDEPENDENCE HEIGHTS,{00000000-0000-0000-0000-000000000000},0.0,0.0,Yes,2001-06-05 00:00:00,http://www.houstontx.gov/superneighborhoods/13.html,Y,Y,Y,DOCTOR'S HOSPITAL - PARKWAY,233,W,PARKER,RD, ,HOUSTON,77076,2,2.87844873
29,5,4,42365.115,13,INDEPENDENCE HEIGHTS,{00000000-0000-0000-0000-000000000000},0.0,0.0,Yes,2001-06-05 00:00:00,http://www.houstontx.gov/superneighborhoods/13.html,Y,Y,Y,MEMORIAL HOSPITAL - NORTHWEST,1635,N,LOOP, ,W,HOUSTON,77008,2,4.3091242
29,43,5,42365.115,13,INDEPENDENCE HEIGHTS,{00000000-0000-0000-0000-000000000000},0.0,0.0,Yes,2001-06-05 00:00:00,http://www.houstontx.gov/superneighborhoods/13.html,Y,Y,Y,HCA N. HOUSTON MEDICAL CENTER PARKVIEW,7407, ,NORTH FREEWAY, , ,HOUSTON,77076,2,4.63663745
30,5,1,83851.206,12,CENTRAL NORTHWEST,{00000000-0000-0000-0000-000000000000},0.0,0.0,Yes,2010-10-12 00:00:00,http://www.houstontx.gov/superneighborhoods/12.html,,,N,MEMORIAL HOSPITAL - NORTHWEST,1635,N,LOOP, ,W,HOUSTON,77008,2,0.2693284
30,4,2,83851.206,12,CENTRAL NORTHWEST,{00000000-0000-0000-0000-000000000000},0.0,0.0,Yes,2010-10-12 00:00:00,http://www.houstontx.gov/superneighborhoods/12.html,,,N,DOCTOR'S HOSPITAL - TIDWELL,510,W,TIDWELL,RD, ,HOUSTON,77091,2,1.58727604
30,6,3,83851.206,12,CENTRAL NORTHWEST,{00000000-0000-0000-0000-000000000000},0.0,0.0,Yes,2010-10-12 00:00:00,http://www.houstontx.gov/superneighborhoods/12.html,,,N,SELECT SPECIALTY HOSPITAL,1917, ,ASHLAND, , ,HOUSTON,77008,2,2.08719594
30,1,4,83851.206,12,CENTRAL NORTHWEST,{00000000-0000-0000-0000-000000000000},0.0,0.0,Yes,2010-10-12 00:00:00,http://www.houstontx.gov/superneighborhoods/12.html,,,N,DOCTOR'S HOSPITAL - PARKWAY,233,W,PARKER,RD, ,HOUSTON,77076,2,4.56465844
30,43,5,83851.206,12,CENTRAL NORTHWEST,{00000000-0000-0000-0000-000000000000},0.0,0.0,Yes,2010-10-12 00:00:00,http://www.houstontx.gov/superneighborhoods/12.html,,,N,HCA N. HOUSTON MEDICAL CENTER PARKVIEW,7407, ,NORTH FREEWAY, , ,HOUSTON,77076,2,6.02203995
31,7,1,58565.13,48,TRINITY / HOUSTON GARDENS,{00000000-0000-0000-0000-000000000000},0.0,0.0,Yes,2001-03-22 00:00:00,http://www.houstontx.gov/superneighborhoods/48.html,Y,,Y,LYNDON B. JOHNSON HOSPITAL,5656, ,KELLEY, , ,HOUSTON,77026,1,0.33805364
31,15,2,58565.13,48,TRINITY / HOUSTON GARDENS,{00000000-0000-0000-0000-000000000000},0.0,0.0,Yes,2001-03-22 00:00:00,http://www.houstontx.gov/superneighborhoods/48.html,Y,,Y,DOCTOR'S HOSPITAL - EAST LOOP,9339,N,LOOP, ,E,HOUSTON,77029,2,5.24943141
31,47,3,58565.13,48,TRINITY / HOUSTON GARDENS,{00000000-0000-0000-0000-000000000000},0.0,0.0,Yes,2001-03-22 00:00:00,http://www.houstontx.gov/superneighborhoods/48.html,Y,,Y,HOUSTON COMMUNITY HOSPITAL - NORTHSIDE,2807,W,LITTLE YORK,RD, , ,77093,2,6.40436238
31,14,4,58565.13,48,TRINITY / HOUSTON GARDENS,{00000000-0000-0000-0000-000000000000},0.0,0.0,Yes,2001-03-22 00:00:00,http://www.houstontx.gov/superneighborhoods/48.html,Y,,Y,HOUSTON RECOVERY,4514, ,LYONS,AVE, ,HOUSTON,77020,2,8.36304671
31,6,5,58565.13,48,TRINITY / HOUSTON GARDENS,{00000000-0000-0000-0000-000000000000},0.0,0.0,Yes,2001-03-22 00:00:00,http://www.houstontx.gov/superneighborhoods/48.html,Y,,Y,SELECT SPECIALTY HOSPITAL,1917, ,ASHLAND, , ,HOUSTON,77008,2,13.81331953
32,2,1,56176.32,3,CARVERDALE,{00000000-0000-0000-0000-000000000000},0.0,0.0,No,2003-09-22 00:00:00,http://www.houstontx.gov/superneighborhoods/3.html,Y,,N,MEMORIAL SPRING SHADOWS GLEN HOSPITAL,2801, ,GESSNER, , ,HOUSTON,77080,2,1.81523759
32,3,2,56176.32,3,CARVERDALE,{00000000-0000-0000-0000-000000000000},0.0,0.0,No,2003-09-22 00:00:00,http://www.houstontx.gov/superneighborhoods/3.html,Y,,N,SPRING BRANCH MEDICAL CENTER,8850, ,LONG POINT, , ,HOUSTON,77055,2,8.48791863
32,55,3,56176.32,3,CARVERDALE,{00000000-0000-0000-0000-000000000000},0.0,0.0,No,2003-09-22 00:00:00,http://www.houstontx.gov/superneighborhoods/3.html,Y,,N,KINDRED HOSPITAL HOUSTON NORTHWEST,11297, ,FALLBROOK, , , ,77065,2,11.17626379
32,9,4,56176.32,3,CARVERDALE,{00000000-0000-0000-0000-000000000000},0.0,0.0,No,2003-09-22 00:00:00,http://www.houstontx.gov/superneighborhoods/3.html,Y,,N,MEMORIAL HOSPITAL - MEMORIAL CITY,920, ,FROSTWOOD, , ,HOUSTON,77024,2,11.35779347
32,61,5,56176.32,3,CARVERDALE,{00000000-0000-0000-0000-000000000000},0.0,0.0,No,2003-09-22 00:00:00,http://www.houstontx.gov/superneighborhoods/3.html,Y,,N,CY-FAIR MEDICAL CENTER HOSPITAL,10655, ,STEEPLETOP,DR, , ,77065,2,11.90833887
33,47,1,71061.565,46,EASTEX - JENSEN AREA,{00000000-0000-0000-0000-000000000000},0.0,0.0,No,2001-10-15 00:00:00,http://www.houstontx.gov/superneighborhoods/46.html,Y,Y,Y,HOUSTON COMMUNITY HOSPITAL - NORTHSIDE,2807,W,LITTLE YORK,RD, , ,77093,2,0.15128638
33,7,2,71061.565,46,EASTEX - JENSEN AREA,{00000000-0000-0000-0000-000000000000},0.0,0.0,No,2001-10-15 00:00:00,http://www.houstontx.gov/superneighborhoods/46.html,Y,Y,Y,LYNDON B. JOHNSON HOSPITAL,5656, ,KELLEY, , ,HOUSTON,77026,1,4.78607998
33,1,3,71061.565,46,EASTEX - JENSEN AREA,{00000000-0000-0000-0000-000000000000},0.0,0.0,No,2001-10-15 00:00:00,http://www.houstontx.gov/superneighborhoods/46.html,Y,Y,Y,DOCTOR'S HOSPITAL - PARKWAY,233,W,PARKER,RD, ,HOUSTON,77076,2,7.35686651
33,14,4,71061.565,46,EASTEX - JENSEN AREA,{00000000-0000-0000-0000-000000000000},0.0,0.0,No,2001-10-15 00:00:00,http://www.houstontx.gov/superneighborhoods/46.html,Y,Y,Y,HOUSTON RECOVERY,4514, ,LYONS,AVE, ,HOUSTON,77020,2,7.61316348
33,43,5,71061.565,46,EASTEX - JENSEN AREA,{00000000-0000-0000-0000-000000000000},0.0,0.0,No,2001-10-15 00:00:00,http://www.houstontx.gov/superneighborhoods/46.html,Y,Y,Y,HCA N. HOUSTON MEDICAL CENTER PARKVIEW,7407, ,NORTH FREEWAY, , ,HOUSTON,77076,2,8.37927289
34,15,1,81176.06,49,EAST HOUSTON,{00000000-0000-0000-0000-000000000000},0.0,0.0,Yes,2000-08-24 00:00:00,http://www.houstontx.gov/superneighborhoods/49.html,Y,,Y,DOCTOR'S HOSPITAL - EAST LOOP,9339,N,LOOP, ,E,HOUSTON,77029,2,3.874636
34,7,2,81176.06,49,EAST HOUSTON,{00000000-0000-0000-0000-000000000000},0.0,0.0,Yes,2000-08-24 00:00:00,http://www.houstontx.gov/superneighborhoods/49.html,Y,,Y,LYNDON B. JOHNSON HOSPITAL,5656, ,KELLEY, , ,HOUSTON,77026,1,6.39846145
34,47,3,81176.06,49,EAST HOUSTON,{00000000-0000-0000-0000-000000000000},0.0,0.0,Yes,2000-08-24 00:00:00,http://www.houstontx.gov/superneighborhoods/49.html,Y,,Y,HOUSTON COMMUNITY HOSPITAL - NORTHSIDE,2807,W,LITTLE YORK,RD, , ,77093,2,11.51481434
34,89,4,81176.06,49,EAST HOUSTON,{00000000-0000-0000-0000-000000000000},0.0,0.0,Yes,2000-08-24 00:00:00,http://www.houstontx.gov/superneighborhoods/49.html,Y,,Y,BRILELA McCREA WOMAN'S PLACE,12605, ,EAST FREEWAY, , ,HOUSTON,77015,2,12.22835849
34,14,5,81176.06,49,EAST HOUSTON,{00000000-0000-0000-0000-000000000000},0.0,0.0,Yes,2000-08-24 00:00:00,http://www.houstontx.gov/superneighborhoods/49.html,Y,,Y,HOUSTON RECOVERY,4514, ,LYONS,AVE, ,HOUSTON,77020,2,12.92574762
35,4,1,87815.58,6,ACRES HOME,{00000000-0000-0000-0000-000000000000},0.0,0.0,Yes,2000-05-11 00:00:00,http://www.houstontx.gov/superneighborhoods/6.html,Y,Y,Y,DOCTOR'S HOSPITAL - TIDWELL,510,W,TIDWELL,RD, ,HOUSTON,77091,2,0.4795982
35,43,2,87815.58,6,ACRES HOME,{00000000-0000-0000-0000-000000000000},0.0,0.0,Yes,2000-05-11 00:00:00,http://www.houstontx.gov/superneighborhoods/6.html,Y,Y,Y,HCA N. HOUSTON MEDICAL CENTER PARKVIEW,7407, ,NORTH FREEWAY, , ,HOUSTON,77076,2,0.93330971
35,1,3,87815.58,6,ACRES HOME,{00000000-0000-0000-0000-000000000000},0.0,0.0,Yes,2000-05-11 00:00:00,http://www.houstontx.gov/superneighborhoods/6.html,Y,Y,Y,DOCTOR'S HOSPITAL - PARKWAY,233,W,PARKER,RD, ,HOUSTON,77076,2,2.3380487
35,5,4,87815.58,6,ACRES HOME,{00000000-0000-0000-0000-000000000000},0.0,0.0,Yes,2000-05-11 00:00:00,http://www.houstontx.gov/superneighborhoods/6.html,Y,Y,Y,MEMORIAL HOSPITAL - NORTHWEST,1635,N,LOOP, ,W,HOUSTON,77008,2,6.65852345
35,6,5,87815.58,6,ACRES HOME,{00000000-0000-0000-0000-000000000000},0.0,0.0,Yes,2000-05-11 00:00:00,http://www.houstontx.gov/superneighborhoods/6.html,Y,Y,Y,SELECT SPECIALTY HOSPITAL,1917, ,ASHLAND, , ,HOUSTON,77008,2,8.54463137
36,47,2,102420.982,45,NORTHSIDE/NORTHLINE,{00000000-0000-0000-0000-000000000000},0.0,0.0,No,2001-10-15 00:00:00,http://www.houstontx.gov/superneighborhoods/45.html,,Y,Y,HOUSTON COMMUNITY HOSPITAL - NORTHSIDE,2807,W,LITTLE YORK,RD, , ,77093,2,3.9031297
36,6,3,102420.982,45,NORTHSIDE/NORTHLINE,{00000000-0000-0000-0000-000000000000},0.0,0.0,No,2001-10-15 00:00:00,http://www.houstontx.gov/superneighborhoods/45.html,,Y,Y,SELECT SPECIALTY HOSPITAL,1917, ,ASHLAND, , ,HOUSTON,77008,2,6.28738934
37,43,1,28102.301,7,HIDDEN VALLEY,{00000000-0000-0000-0000-000000000000},0.0,0.0,,,http://www.houstontx.gov/superneighborhoods/7.html,,,N,HCA N. HOUSTON MEDICAL CENTER PARKVIEW,7407, ,NORTH FREEWAY, , ,HOUSTON,77076,2,1.99366935
37,1,2,28102.301,7,HIDDEN VALLEY,{00000000-0000-0000-0000-000000000000},0.0,0.0,,,http://www.houstontx.gov/superneighborhoods/7.html,,,N,DOCTOR'S HOSPITAL - PARKWAY,233,W,PARKER,RD, ,HOUSTON,77076,2,4.35229047
37,4,3,28102.301,7,HIDDEN VALLEY,{00000000-0000-0000-0000-000000000000},0.0,0.0,,,http://www.houstontx.gov/superneighborhoods/7.html,,,N,DOCTOR'S HOSPITAL - TIDWELL,510,W,TIDWELL,RD, ,HOUSTON,77091,2,6.30288106
37,47,4,28102.301,7,HIDDEN VALLEY,{00000000-0000-0000-0000-000000000000},0.0,0.0,,,http://www.houstontx.gov/superneighborhoods/7.html,,,N,HOUSTON COMMUNITY HOSPITAL - NORTHSIDE,2807,W,LITTLE YORK,RD, , ,77093,2,13.79658373
37,5,5,28102.301,7,HIDDEN VALLEY,{00000000-0000-0000-0000-000000000000},0.0,0.0,,,http://www.houstontx.gov/superneighborhoods/7.html,,,N,MEMORIAL HOSPITAL - NORTHWEST,1635,N,LOOP, ,W,HOUSTON,77008,2,14.94345622
38,47,1,83347.43,47,EAST LITTLE YORK / HOMESTEAD,{00000000-0000-0000-0000-000000000000},0.0,0.0,Yes,,http://www.houstontx.gov/superneighborhoods/47.html,,,Y,HOUSTON COMMUNITY HOSPITAL - NORTHSIDE,2807,W,LITTLE YORK,RD, , ,77093,2,5.11254004
38,7,2,83347.43,47,EAST LITTLE YORK / HOMESTEAD,{00000000-0000-0000-0000-000000000000},0.0,0.0,Yes,,http://www.houstontx.gov/superneighborhoods/47.html,,,Y,LYNDON B. JOHNSON HOSPITAL,5656, ,KELLEY, , ,HOUSTON,77026,1,8.3567526
38,15,3,83347.43,47,EAST LITTLE YORK / HOMESTEAD,{00000000-0000-0000-0000-000000000000},0.0,0.0,Yes,,http://www.houstontx.gov/superneighborhoods/47.html,,,Y,DOCTOR'S HOSPITAL - EAST LOOP,9339,N,LOOP, ,E,HOUSTON,77029,2,13.56263834
38,1,4,83347.43,47,EAST LITTLE YORK / HOMESTEAD,{00000000-0000-0000-0000-000000000000},0.0,0.0,Yes,,http://www.houstontx.gov/superneighborhoods/47.html,,,Y,DOCTOR'S HOSPITAL - PARKWAY,233,W,PARKER,RD, ,HOUSTON,77076,2,15.26400942
38,14,5,83347.43,47,EAST LITTLE YORK / HOMESTEAD,{00000000-0000-0000-0000-000000000000},0.0,0.0,Yes,,http://www.houstontx.gov/superneighborhoods/47.html,,,Y,HOUSTON RECOVERY,4514, ,LYONS,AVE, ,HOUSTON,77020,2,16.27160092
39,55,2,52713.975,1,WILLOWBROOK,{00000000-0000-0000-0000-000000000000},0.0,0.0,No,2003-09-22 00:00:00,http://www.houstontx.gov/superneighborhoods/1.html,,,N,KINDRED HOSPITAL HOUSTON NORTHWEST,11297, ,FALLBROOK, , , ,77065,2,8.6360148
39,61,3,52713.975,1,WILLOWBROOK,{00000000-0000-0000-0000-000000000000},0.0,0.0,No,2003-09-22 00:00:00,http://www.houstontx.gov/superneighborhoods/1.html,,,N,CY-FAIR MEDICAL CENTER HOSPITAL,10655, ,STEEPLETOP,DR, , ,77065,2,8.65403239
39,59,4,52713.975,1,WILLOWBROOK,{00000000-0000-0000-0000-000000000000},0.0,0.0,No,2003-09-22 00:00:00,http://www.houstontx.gov/superneighborhoods/1.html,,,N,CHAMPIONS PSYCHIATRIC CENTER,14320, ,WALTERS,RD, , ,77014,2,13.14497387
39,69,5,52713.975,1,WILLOWBROOK,{00000000-0000-0000-0000-000000000000},0.0,0.0,No,2003-09-22 00:00:00,http://www.houstontx.gov/superneighborhoods/1.html,,,N,HEALTH SOUTH REHALIBITATION INSTITUTE,17506, ,RED OAK,DR, , ,77090,2,21.85610916
40,43,1,117958.273,2,GREATER GREENSPOINT,{00000000-0000-0000-0000-000000000000},0.0,0.0,,,http://www.houstontx.gov/superneighborhoods/2.html,,,Y,HCA N. HOUSTON MEDICAL CENTER PARKVIEW,7407, ,NORTH FREEWAY, , ,HOUSTON,77076,2,6.74087499
40,1,2,117958.273,2,GREATER GREENSPOINT,{00000000-0000-0000-0000-000000000000},0.0,0.0,,,http://www.houstontx.gov/superneighborhoods/2.html,,,Y,DOCTOR'S HOSPITAL - PARKWAY,233,W,PARKER,RD, ,HOUSTON,77076,2,8.79278117
40,59,3,117958.273,2,GREATER GREENSPOINT,{00000000-0000-0000-0000-000000000000},0.0,0.0,,,http://www.houstontx.gov/superneighborhoods/2.html,,,Y,CHAMPIONS PSYCHIATRIC CENTER,14320, ,WALTERS,RD, , ,77014,2,10.04279228
40,71,4,117958.273,2,GREATER GREENSPOINT,{00000000-0000-0000-0000-000000000000},0.0,0.0,,,http://www.houstontx.gov/superneighborhoods/2.html,,,Y,HOUSTON NW MEDICAL CENTER,710, ,FM 1960 WEST, , ,HOUSTON,77090,2,10.86894635
40,95,5,117958.273,2,GREATER GREENSPOINT,{00000000-0000-0000-0000-000000000000},0.0,0.0,,,http://www.houstontx.gov/superneighborhoods/2.html,,,Y,THE BREAST CENTER,710, ,F M 1960, ,W,HOSTON,77090,2,10.95863671
41,70,1,170943.477,42,IAH / AIRPORT AREA,{00000000-0000-0000-0000-000000000000},0.0,0.0,Yes,2001-06-05 00:00:00,http://www.houstontx.gov/superneighborhoods/42.html,,,Y,HEALTH SOUTH REHABILITATION HOSPITAL OF HUMBLE,19002, ,MC KAY,DR, ,HUMBLE,77338,2,0.13541681
41,37,2,170943.477,42,IAH / AIRPORT AREA,{00000000-0000-0000-0000-000000000000},0.0,0.0,Yes,2001-06-05 00:00:00,http://www.houstontx.gov/superneighborhoods/42.html,,,Y,NORTHEAST MEDICAL CENTER,18951,N,MEMORIAL,BLVD, ,HUMBLE,77338,2,0.48415525
41,86,3,170943.477,42,IAH / AIRPORT AREA,{00000000-0000-0000-0000-000000000000},0.0,0.0,Yes,2001-06-05 00:00:00,http://www.houstontx.gov/superneighborhoods/42.html,,,Y,HEALTHSOUTH NORTHEAST SURGERY CENTER,18929, ,EASTEX FREEWAY, , ,HUMBLE,77338,2,0.78946731
41,100,4,170943.477,42,IAH / AIRPORT AREA,{00000000-0000-0000-0000-000000000000},0.0,0.0,Yes,2001-06-05 00:00:00,http://www.houstontx.gov/superneighborhoods/42.html,,,Y,TRIUMPH HOSPITAL NORTHWEST HOUSTON,205, ,HOLLOW TREE,LN, ,HOUSTON,77090,2,11.20096944
41,91,5,170943.477,42,IAH / AIRPORT AREA,{00000000-0000-0000-0000-000000000000},0.0,0.0,Yes,2001-06-05 00:00:00,http://www.houstontx.gov/superneighborhoods/42.html,,,Y,KINGWOOD MEDICAL CENTER,22999, ,US HIGHWAY 59, ,N,HOUSTON,77339,2,11.49044879
42,37,2,198374.308,43,KINGWOOD AREA,{00000000-0000-0000-0000-000000000000},0.0,0.0,Yes,2000-08-24 00:00:00,http://www.houstontx.gov/superneighborhoods/43.html,,,N,NORTHEAST MEDICAL CENTER,18951,N,MEMORIAL,BLVD, ,HUMBLE,77338,2,5.28157898
42,70,3,198374.308,43,KINGWOOD AREA,{00000000-0000-0000-0000-000000000000},0.0,0.0,Yes,2000-08-24 00:00:00,http://www.houstontx.gov/superneighborhoods/43.html,,,N,HEALTH SOUTH REHABILITATION HOSPITAL OF HUMBLE,19002, ,MC KAY,DR, ,HUMBLE,77338,2,5.4876664
43,38,1,429584.145,44,LAKE HOUSTON,{00000000-0000-0000-0000-000000000000},0.0,0.0,,,http://www.houstontx.gov/superneighborhoods/44.html,,,N,KINGWOOD HOSPITAL,2001, ,LADBROOK,DR, ,HOUSTON,77339,2,5.06880383
43,91,2,429584.145,44,LAKE HOUSTON,{00000000-0000-0000-0000-000000000000},0.0,0.0,,,http://www.houstontx.gov/superneighborhoods/44.html,,,N,KINGWOOD MEDICAL CENTER,22999, ,US HIGHWAY 59, ,N,HOUSTON,77339,2,5.63184284
43,72,3,429584.145,44,LAKE HOUSTON,{00000000-0000-0000-0000-000000000000},0.0,0.0,,,http://www.houstontx.gov/superneighborhoods/44.html,,,N,KINGWOOD URGING CARE,2313, ,TIMBER SHADOWS,DR, ,HOUSTON,77339,2,6.20497792
43,86,4,429584.145,44,LAKE HOUSTON,{00000000-0000-0000-0000-000000000000},0.0,0.0,,,http://www.houstontx.gov/superneighborhoods/44.html,,,N,HEALTHSOUTH NORTHEAST SURGERY CENTER,18929, ,EASTEX FREEWAY, , ,HUMBLE,77338,2,6.87829537
43,37,5,429584.145,44,LAKE HOUSTON,{00000000-0000-0000-0000-000000000000},0.0,0.0,,,http://www.houstontx.gov/superneighborhoods/44.html,,,N,NORTHEAST MEDICAL CENTER,18951,N,MEMORIAL,BLVD, ,HUMBLE,77338,2,6.88474588
44,2,1,73300.982,4,FAIRBANKS / NORTHWEST CROSSING,{00000000-0000-0000-0000-000000000000},0.0,0.0,,,http://www.houstontx.gov/superneighborhoods/4.html,,,Y,MEMORIAL SPRING SHADOWS GLEN HOSPITAL,2801, ,GESSNER, , ,HOUSTON,77080,2,2.66181644
44,3,2,73300.982,4,FAIRBANKS / NORTHWEST CROSSING,{00000000-0000-0000-0000-000000000000},0.0,0.0,,,http://www.houstontx.gov/superneighborhoods/4.html,,,Y,SPRING BRANCH MEDICAL CENTER,8850, ,LONG POINT, , ,HOUSTON,77055,2,5.78908223
44,54,3,73300.982,4,FAIRBANKS / NORTHWEST CROSSING,{00000000-0000-0000-0000-000000000000},0.0,0.0,,,http://www.houstontx.gov/superneighborhoods/4.html,,,Y,WEST HOUSTON SURGICARE,970, ,CAMPBELL, , ,HEDWIG VILLAGE,77024,2,10.55942367
44,9,4,73300.982,4,FAIRBANKS / NORTHWEST CROSSING,{00000000-0000-0000-0000-000000000000},0.0,0.0,,,http://www.houstontx.gov/superneighborhoods/4.html,,,Y,MEMORIAL HOSPITAL - MEMORIAL CITY,920, ,FROSTWOOD, , ,HOUSTON,77024,2,11.56086481
44,5,5,73300.982,4,FAIRBANKS / NORTHWEST CROSSING,{00000000-0000-0000-0000-000000000000},0.0,0.0,,,http://www.houstontx.gov/superneighborhoods/4.html,,,Y,MEMORIAL HOSPITAL - NORTHWEST,1635,N,LOOP, ,W,HOUSTON,77008,2,12.12085227
45,2,1,31832.84,8,WESTBRANCH,{00000000-0000-0000-0000-000000000000},0.0,0.0,,,http://www.houstontx.gov/superneighborhoods/8.html,,,N,MEMORIAL SPRING SHADOWS GLEN HOSPITAL,2801, ,GESSNER, , ,HOUSTON,77080,2,1.81075271
45,3,2,31832.84,8,WESTBRANCH,{00000000-0000-0000-0000-000000000000},0.0,0.0,,,http://www.houstontx.gov/superneighborhoods/8.html,,,N,SPRING BRANCH MEDICAL CENTER,8850, ,LONG POINT, , ,HOUSTON,77055,2,9.76546772
45,9,3,31832.84,8,WESTBRANCH,{00000000-0000-0000-0000-000000000000},0.0,0.0,,,http://www.houstontx.gov/superneighborhoods/8.html,,,N,MEMORIAL HOSPITAL - MEMORIAL CITY,920, ,FROSTWOOD, , ,HOUSTON,77024,2,11.35090212
45,54,4,31832.84,8,WESTBRANCH,{00000000-0000-0000-0000-000000000000},0.0,0.0,,,http://www.houstontx.gov/superneighborhoods/8.html,,,N,WEST HOUSTON SURGICARE,970, ,CAMPBELL, , ,HEDWIG VILLAGE,77024,2,12.86795188
45,55,5,31832.84,8,WESTBRANCH,{00000000-0000-0000-0000-000000000000},0.0,0.0,,,http://www.houstontx.gov/superneighborhoods/8.html,,,N,KINDRED HOSPITAL HOUSTON NORTHWEST,11297, ,FALLBROOK, , , ,77065,2,18.37366483
46,39,2,72720.943,26,SHARPSTOWN,{00000000-0000-0000-0000-000000000000},0.0,0.0,,,http://www.houstontx.gov/superneighborhoods/26.html,,,Y,MEDICAL CENTER HOSPITAL - BELLAIRE,5314, ,DASHWOOD, , ,HOUSTON,77081,2,3.84043262
47,19,1,38113.022,29,WESTWOOD,{00000000-0000-0000-0000-000000000000},0.0,0.0,Yes,2008-09-09 00:00:00,http://www.houstontx.gov/superneighborhoods/29.html,Y,,Y,MEMORIAL HOSPITAL - SOUTHWEST,7600, ,BEECHNUT, , ,HOUSTON,77074,2,3.51830503
47,49,2,38113.022,29,WESTWOOD,{00000000-0000-0000-0000-000000000000},0.0,0.0,Yes,2008-09-09 00:00:00,http://www.houstontx.gov/superneighborhoods/29.html,Y,,Y,ST JOHN HOSPITAL,7322, ,SOUTHWEST FREEWAY, , ,HOUSTON,77074,2,5.63430042
47,66,3,38113.022,29,WESTWOOD,{00000000-0000-0000-0000-000000000000},0.0,0.0,Yes,2008-09-09 00:00:00,http://www.houstontx.gov/superneighborhoods/29.html,Y,,Y,FOUNTAIN BROOK HOSPITAL,11919,W,AIRPORT,BLVD, ,SUGAR LAND,77477,2,6.63547782
47,17,4,38113.022,29,WESTWOOD,{00000000-0000-0000-0000-000000000000},0.0,0.0,Yes,2008-09-09 00:00:00,http://www.houstontx.gov/superneighborhoods/29.html,Y,,Y,SHARPSTOWN GENERAL HOSPITAL,6700, ,BELLAIRE,BLVD, ,HOUSTON,77074,2,8.4503157
47,85,5,38113.022,29,WESTWOOD,{00000000-0000-0000-0000-000000000000},0.0,0.0,Yes,2008-09-09 00:00:00,http://www.houstontx.gov/superneighborhoods/29.html,Y,,Y,HEALTH BRIDGE CHILDREN'S HOSPITAL,2929, ,WOODLAND PARK, , ,HOUSTON,77082,2,9.51020933
49,19,4,81085.41,41,FORT BEND HOUSTON,{00000000-0000-0000-0000-000000000000},0.0,0.0,No,2002-06-20 00:00:00,http://www.houstontx.gov/superneighborhoods/41.html,,,N,MEMORIAL HOSPITAL - SOUTHWEST,7600, ,BEECHNUT, , ,HOUSTON,77074,2,16.55522676
49,49,5,81085.41,41,FORT BEND HOUSTON,{00000000-0000-0000-0000-000000000000},0.0,0.0,No,2002-06-20 00:00:00,http://www.houstontx.gov/superneighborhoods/41.html,,,N,ST JOHN HOSPITAL,7322, ,SOUTHWEST FREEWAY, , ,HOUSTON,77074,2,18.56866206
50,19,2,28114.627,39,FONDREN GARDENS,{00000000-0000-0000-0000-000000000000},0.0,0.0,Yes,2000-05-11 00:00:00,http://www.houstontx.gov/superneighborhoods/39.html,,,Y,MEMORIAL HOSPITAL - SOUTHWEST,7600, ,BEECHNUT, , ,HOUSTON,77074,2,14.11291993
50,49,4,28114.627,39,FONDREN GARDENS,{00000000-0000-0000-0000-000000000000},0.0,0.0,Yes,2000-05-11 00:00:00,http://www.houstontx.gov/superneighborhoods/39.html,,,Y,ST JOHN HOSPITAL,7322, ,SOUTHWEST FREEWAY, , ,HOUSTON,77074,2,15.80344655
51,81,2,161035.331,80,SOUTH BELT / ELLINGTON,{00000000-0000-0000-0000-000000000000},0.0,0.0,No,2001-10-15 00:00:00,http://www.houstontx.gov/superneighborhoods/80.html,,,N,SURGICAL OUTPATIENT HOSPITAL,3534, ,VISTA,RD, ,PASADENA,77504,2,3.85388231
51,88,3,161035.331,80,SOUTH BELT / ELLINGTON,{00000000-0000-0000-0000-000000000000},0.0,0.0,No,2001-10-15 00:00:00,http://www.houstontx.gov/superneighborhoods/80.html,,,N,BAYSHORE SURGERY CENTER,3333, ,BAYSHORE,BLVD, ,PASADENA,77504,2,4.98624993
51,58,4,161035.331,80,SOUTH BELT / ELLINGTON,{00000000-0000-0000-0000-000000000000},0.0,0.0,No,2001-10-15 00:00:00,http://www.houstontx.gov/superneighborhoods/80.html,,,N,BAYSHORE MEDICAL CENTER,4000, ,SPENCER HIGHWAY, , ,PASADENA,77504,2,5.35861079
51,104,5,161035.331,80,SOUTH BELT / ELLINGTON,{00000000-0000-0000-0000-000000000000},0.0,0.0,No,2001-10-15 00:00:00,http://www.houstontx.gov/superneighborhoods/80.html,,,N,VISTA MEDICAL CENTER,4301, ,VISTA, , ,PASADENA,77504,2,5.61948362
52,42,1,71756.689,76,SOUTH ACRES / CRESTMONT PARK,{00000000-0000-0000-0000-000000000000},0.0,0.0,Yes,2000-03-06 00:00:00,http://www.houstontx.gov/superneighborhoods/76.html,,,Y,CULLEN WOMENS CENTER HOSPITAL,7443, ,CULLEN, , ,HOUSTON,77051,2,6.36308762
52,35,2,71756.689,76,SOUTH ACRES / CRESTMONT PARK,{00000000-0000-0000-0000-000000000000},0.0,0.0,Yes,2000-03-06 00:00:00,http://www.houstontx.gov/superneighborhoods/76.html,,,Y,I H S HOSPITAL,6160,S,LOOP, ,E,HOUSTON,77087,2,10.4016309
52,24,3,71756.689,76,SOUTH ACRES / CRESTMONT PARK,{00000000-0000-0000-0000-000000000000},0.0,0.0,Yes,2000-03-06 00:00:00,http://www.houstontx.gov/superneighborhoods/76.html,,,Y,INTRACARE HOSPITAL,7601, ,FANNIN, , ,HOUSTON,77054,2,12.20752733
52,102,4,71756.689,76,SOUTH ACRES / CRESTMONT PARK,{00000000-0000-0000-0000-000000000000},0.0,0.0,Yes,2000-03-06 00:00:00,http://www.houstontx.gov/superneighborhoods/76.html,,,Y,HCA WOMAN'S HOSPITAL OF TEXAS,7600, ,FANNIN, , ,HOUSTON,77054,2,12.79995998
52,25,5,71756.689,76,SOUTH ACRES / CRESTMONT PARK,{00000000-0000-0000-0000-000000000000},0.0,0.0,Yes,2000-03-06 00:00:00,http://www.houstontx.gov/superneighborhoods/76.html,,,Y,MEDICAL CENTER HOSPITAL,8081, ,GREENBRAIR, , ,HOUSTON,77054,2,12.88877021
53,19,3,77540.802,36,BRAYS OAKS,{00000000-0000-0000-0000-000000000000},0.0,0.0,Yes,2000-08-24 00:00:00,http://www.houstontx.gov/superneighborhoods/36.html,,,Y,MEMORIAL HOSPITAL - SOUTHWEST,7600, ,BEECHNUT, , ,HOUSTON,77074,2,4.46470193
53,49,4,77540.802,36,BRAYS OAKS,{00000000-0000-0000-0000-000000000000},0.0,0.0,Yes,2000-08-24 00:00:00,http://www.houstontx.gov/superneighborhoods/36.html,,,Y,ST JOHN HOSPITAL,7322, ,SOUTHWEST FREEWAY, , ,HOUSTON,77074,2,6.19185339
53,17,5,77540.802,36,BRAYS OAKS,{00000000-0000-0000-0000-000000000000},0.0,0.0,Yes,2000-08-24 00:00:00,http://www.houstontx.gov/superneighborhoods/36.html,,,Y,SHARPSTOWN GENERAL HOSPITAL,6700, ,BELLAIRE,BLVD, ,HOUSTON,77074,2,6.59070285
54,24,2,117635.91,40,CENTRAL SOUTHWEST,{00000000-0000-0000-0000-000000000000},0.0,0.0,Yes,2000-05-11 00:00:00,http://www.houstontx.gov/superneighborhoods/40.html,,,Y,INTRACARE HOSPITAL,7601, ,FANNIN, , ,HOUSTON,77054,2,4.59915835
54,42,3,117635.91,40,CENTRAL SOUTHWEST,{00000000-0000-0000-0000-000000000000},0.0,0.0,Yes,2000-05-11 00:00:00,http://www.houstontx.gov/superneighborhoods/40.html,,,Y,CULLEN WOMENS CENTER HOSPITAL,7443, ,CULLEN, , ,HOUSTON,77051,2,5.16815928
54,25,4,117635.91,40,CENTRAL SOUTHWEST,{00000000-0000-0000-0000-000000000000},0.0,0.0,Yes,2000-05-11 00:00:00,http://www.houstontx.gov/superneighborhoods/40.html,,,Y,MEDICAL CENTER HOSPITAL,8081, ,GREENBRAIR, , ,HOUSTON,77054,2,5.18312697
54,102,5,117635.91,40,CENTRAL SOUTHWEST,{00000000-0000-0000-0000-000000000000},0.0,0.0,Yes,2000-05-11 00:00:00,http://www.houstontx.gov/superneighborhoods/40.html,,,Y,HCA WOMAN'S HOSPITAL OF TEXAS,7600, ,FANNIN, , ,HOUSTON,77054,2,5.18982649
55,24,2,67155.805,71,SUNNYSIDE,{00000000-0000-0000-0000-000000000000},0.0,0.0,Yes,2000-03-06 00:00:00,http://www.houstontx.gov/superneighborhoods/71.html,Y,Y,Y,INTRACARE HOSPITAL,7601, ,FANNIN, , ,HOUSTON,77054,2,4.48740244
55,31,3,67155.805,71,SUNNYSIDE,{00000000-0000-0000-0000-000000000000},0.0,0.0,Yes,2000-03-06 00:00:00,http://www.houstontx.gov/superneighborhoods/71.html,Y,Y,Y,VETERANS AFFAIRS HOSPITAL,2002, ,HOLCOMBE, , ,HOUSTON,77054,2,4.97278687
55,102,4,67155.805,71,SUNNYSIDE,{00000000-0000-0000-0000-000000000000},0.0,0.0,Yes,2000-03-06 00:00:00,http://www.houstontx.gov/superneighborhoods/71.html,Y,Y,Y,HCA WOMAN'S HOSPITAL OF TEXAS,7600, ,FANNIN, , ,HOUSTON,77054,2,5.00189599
55,34,5,67155.805,71,SUNNYSIDE,{00000000-0000-0000-0000-000000000000},0.0,0.0,Yes,2000-03-06 00:00:00,http://www.houstontx.gov/superneighborhoods/71.html,Y,Y,Y,CASA A SPECIAL HOSPITAL,1803, ,OLD SPANISH TRAIL, , ,HOUSTON,77054,2,5.12193318
56,8,2,94862.716,25,ALIEF,{00000000-0000-0000-0000-000000000000},0.0,0.0,Yes,2000-06-22 00:00:00,http://www.houstontx.gov/superneighborhoods/25.html,Y,,Y,HCA W. HOUSTON MEDICAL CENTER,12141, ,RICHMOND,AVE, ,HOUSTON,77082,2,3.17406514
56,85,3,94862.716,25,ALIEF,{00000000-0000-0000-0000-000000000000},0.0,0.0,Yes,2000-06-22 00:00:00,http://www.houstontx.gov/superneighborhoods/25.html,Y,,Y,HEALTH BRIDGE CHILDREN'S HOSPITAL,2929, ,WOODLAND PARK, , ,HOUSTON,77082,2,3.6781395
56,19,4,94862.716,25,ALIEF,{00000000-0000-0000-0000-000000000000},0.0,0.0,Yes,2000-06-22 00:00:00,http://www.houstontx.gov/superneighborhoods/25.html,Y,,Y,MEMORIAL HOSPITAL - SOUTHWEST,7600, ,BEECHNUT, , ,HOUSTON,77074,2,6.8463932
56,10,5,94862.716,25,ALIEF,{00000000-0000-0000-0000-000000000000},0.0,0.0,Yes,2000-06-22 00:00:00,http://www.houstontx.gov/superneighborhoods/25.html,Y,,Y,COLUMBIA ROSEWOOD MEDICAL CENTER,9200, ,WESTHEIMER, , ,HOUSTON,77063,2,7.67214298
57,35,1,28105.214,70,PECAN PARK,{00000000-0000-0000-0000-000000000000},0.0,0.0,,,http://www.houstontx.gov/superneighborhoods/70.html,,,Y,I H S HOSPITAL,6160,S,LOOP, ,E,HOUSTON,77087,2,3.85770331
57,64,2,28105.214,70,PECAN PARK,{00000000-0000-0000-0000-000000000000},0.0,0.0,,,http://www.houstontx.gov/superneighborhoods/70.html,,,Y,DEATON HOSPITAL,206,N,MAIN, , ,GALENA PARK,77547,2,7.79481856
57,42,3,28105.214,70,PECAN PARK,{00000000-0000-0000-0000-000000000000},0.0,0.0,,,http://www.houstontx.gov/superneighborhoods/70.html,,,Y,CULLEN WOMENS CENTER HOSPITAL,7443, ,CULLEN, , ,HOUSTON,77051,2,12.03671612
57,13,4,28105.214,70,PECAN PARK,{00000000-0000-0000-0000-000000000000},0.0,0.0,,,http://www.houstontx.gov/superneighborhoods/70.html,,,Y,RIVERSIDE GENERAL HOSPITAL,3204, ,ENNIS ST, , ,HOUSTON,77004,2,12.04882156
57,96,5,28105.214,70,PECAN PARK,{00000000-0000-0000-0000-000000000000},0.0,0.0,,,http://www.houstontx.gov/superneighborhoods/70.html,,,Y,KINDRED BAY AREA HOSPITAL,1004, ,SEYMOUR,DR, ,PASADENA,77506,2,13.55051362
59,19,2,42778.309,37,WESTBURY,{00000000-0000-0000-0000-000000000000},0.0,0.0,Yes,2005-03-14 00:00:00,http://www.houstontx.gov/superneighborhoods/37.html,,,N,MEMORIAL HOSPITAL - SOUTHWEST,7600, ,BEECHNUT, , ,HOUSTON,77074,2,7.56160303
59,49,3,42778.309,37,WESTBURY,{00000000-0000-0000-0000-000000000000},0.0,0.0,Yes,2005-03-14 00:00:00,http://www.houstontx.gov/superneighborhoods/37.html,,,N,ST JOHN HOSPITAL,7322, ,SOUTHWEST FREEWAY, , ,HOUSTON,77074,2,8.94135221
59,17,4,42778.309,37,WESTBURY,{00000000-0000-0000-0000-000000000000},0.0,0.0,Yes,2005-03-14 00:00:00,http://www.houstontx.gov/superneighborhoods/37.html,,,N,SHARPSTOWN GENERAL HOSPITAL,6700, ,BELLAIRE,BLVD, ,HOUSTON,77074,2,8.99215042
59,39,5,42778.309,37,WESTBURY,{00000000-0000-0000-0000-000000000000},0.0,0.0,Yes,2005-03-14 00:00:00,http://www.houstontx.gov/superneighborhoods/37.html,,,N,MEDICAL CENTER HOSPITAL - BELLAIRE,5314, ,DASHWOOD, , ,HOUSTON,77081,2,9.22049727
60,25,2,43226.715,38,WILLOW MEADOWS / WILLOWBEND AREA,{00000000-0000-0000-0000-000000000000},0.0,0.0,,,http://www.houstontx.gov/superneighborhoods/38.html,,,N,MEDICAL CENTER HOSPITAL,8081, ,GREENBRAIR, , ,HOUSTON,77054,2,5.76300664
60,67,3,43226.715,38,WILLOW MEADOWS / WILLOWBEND AREA,{00000000-0000-0000-0000-000000000000},0.0,0.0,,,http://www.houstontx.gov/superneighborhoods/38.html,,,N,GREENPARK II MEDICAL CENTER,7515, ,MAIN,ST, ,HOUSTON,77030,2,5.84458907
60,24,4,43226.715,38,WILLOW MEADOWS / WILLOWBEND AREA,{00000000-0000-0000-0000-000000000000},0.0,0.0,,,http://www.houstontx.gov/superneighborhoods/38.html,,,N,INTRACARE HOSPITAL,7601, ,FANNIN, , ,HOUSTON,77054,2,6.04970357
60,102,5,43226.715,38,WILLOW MEADOWS / WILLOWBEND AREA,{00000000-0000-0000-0000-000000000000},0.0,0.0,,,http://www.houstontx.gov/superneighborhoods/38.html,,,N,HCA WOMAN'S HOSPITAL OF TEXAS,7600, ,FANNIN, , ,HOUSTON,77054,2,6.09905103
61,19,1,47833.624,30,BRAEBURN,{00000000-0000-0000-0000-000000000000},0.0,0.0,Yes,2008-05-13 00:00:00,http://www.houstontx.gov/superneighborhoods/30.html,,,Y,MEMORIAL HOSPITAL - SOUTHWEST,7600, ,BEECHNUT, , ,HOUSTON,77074,2,0.40116742
61,49,2,47833.624,30,BRAEBURN,{00000000-0000-0000-0000-000000000000},0.0,0.0,Yes,2008-05-13 00:00:00,http://www.houstontx.gov/superneighborhoods/30.html,,,Y,ST JOHN HOSPITAL,7322, ,SOUTHWEST FREEWAY, , ,HOUSTON,77074,2,2.68666433
61,17,3,47833.624,30,BRAEBURN,{00000000-0000-0000-0000-000000000000},0.0,0.0,Yes,2008-05-13 00:00:00,http://www.houstontx.gov/superneighborhoods/30.html,,,Y,SHARPSTOWN GENERAL HOSPITAL,6700, ,BELLAIRE,BLVD, ,HOUSTON,77074,2,3.21490665
61,18,4,47833.624,30,BRAEBURN,{00000000-0000-0000-0000-000000000000},0.0,0.0,Yes,2008-05-13 00:00:00,http://www.houstontx.gov/superneighborhoods/30.html,,,Y,WEST OAKS HOSPITAL,6500, ,HORNWOOD, , ,HOUSTON,77074,2,3.43375151
61,39,5,47833.624,30,BRAEBURN,{00000000-0000-0000-0000-000000000000},0.0,0.0,Yes,2008-05-13 00:00:00,http://www.houstontx.gov/superneighborhoods/30.html,,,Y,MEDICAL CENTER HOSPITAL - BELLAIRE,5314, ,DASHWOOD, , ,HOUSTON,77081,2,4.85183223
62,67,1,47081.994,35,SOUTH MAIN,{00000000-0000-0000-0000-000000000000},0.0,0.0,,,http://www.houstontx.gov/superneighborhoods/35.html,,,Y,GREENPARK II MEDICAL CENTER,7515, ,MAIN,ST, ,HOUSTON,77030,2,1.4157897
62,25,2,47081.994,35,SOUTH MAIN,{00000000-0000-0000-0000-000000000000},0.0,0.0,,,http://www.houstontx.gov/superneighborhoods/35.html,,,Y,MEDICAL CENTER HOSPITAL,8081, ,GREENBRAIR, , ,HOUSTON,77054,2,1.72827309
62,41,3,47081.994,35,SOUTH MAIN,{00000000-0000-0000-0000-000000000000},0.0,0.0,,,http://www.houstontx.gov/superneighborhoods/35.html,,,Y,TEXAS ORTHOPEDIC HOSPITAL,7401,S,MAIN, , ,HOUSTON,77030,2,1.91433099
62,102,4,47081.994,35,SOUTH MAIN,{00000000-0000-0000-0000-000000000000},0.0,0.0,,,http://www.houstontx.gov/superneighborhoods/35.html,,,Y,HCA WOMAN'S HOSPITAL OF TEXAS,7600, ,FANNIN, , ,HOUSTON,77054,2,2.06840788
62,24,5,47081.994,35,SOUTH MAIN,{00000000-0000-0000-0000-000000000000},0.0,0.0,,,http://www.houstontx.gov/superneighborhoods/35.html,,,Y,INTRACARE HOSPITAL,7601, ,FANNIN, , ,HOUSTON,77054,2,2.29689204
63,42,1,55769.223,72,SOUTH PARK,{00000000-0000-0000-0000-000000000000},0.0,0.0,Yes,2000-03-06 00:00:00,http://www.houstontx.gov/superneighborhoods/72.html,Y,,Y,CULLEN WOMENS CENTER HOSPITAL,7443, ,CULLEN, , ,HOUSTON,77051,2,0.49838822
63,35,2,55769.223,72,SOUTH PARK,{00000000-0000-0000-0000-000000000000},0.0,0.0,Yes,2000-03-06 00:00:00,http://www.houstontx.gov/superneighborhoods/72.html,Y,,Y,I H S HOSPITAL,6160,S,LOOP, ,E,HOUSTON,77087,2,1.97460111
63,32,3,55769.223,72,SOUTH PARK,{00000000-0000-0000-0000-000000000000},0.0,0.0,Yes,2000-03-06 00:00:00,http://www.houstontx.gov/superneighborhoods/72.html,Y,,Y,HARRIS CO. PSYCHIATRIC CENTER,2800,S,MACGREGOR,WAY, ,HOUSTON,77021,2,7.88353734
63,31,4,55769.223,72,SOUTH PARK,{00000000-0000-0000-0000-000000000000},0.0,0.0,Yes,2000-03-06 00:00:00,http://www.houstontx.gov/superneighborhoods/72.html,Y,,Y,VETERANS AFFAIRS HOSPITAL,2002, ,HOLCOMBE, , ,HOUSTON,77054,2,7.99023562
63,24,5,55769.223,72,SOUTH PARK,{00000000-0000-0000-0000-000000000000},0.0,0.0,Yes,2000-03-06 00:00:00,http://www.houstontx.gov/superneighborhoods/72.html,Y,,Y,INTRACARE HOSPITAL,7601, ,FANNIN, , ,HOUSTON,77054,2,8.95082387
64,34,2,49215.228,34,ASTRODOME AREA,{00000000-0000-0000-0000-000000000000},0.0,0.0,,,http://www.houstontx.gov/superneighborhoods/34.html,Y,Y,Y,CASA A SPECIAL HOSPITAL,1803, ,OLD SPANISH TRAIL, , ,HOUSTON,77054,2,0.07862769
64,67,3,49215.228,34,ASTRODOME AREA,{00000000-0000-0000-0000-000000000000},0.0,0.0,,,http://www.houstontx.gov/superneighborhoods/34.html,Y,Y,Y,GREENPARK II MEDICAL CENTER,7515, ,MAIN,ST, ,HOUSTON,77030,2,0.19249028
65,42,1,47349.751,68,GREATER OST / SOUTH UNION,{00000000-0000-0000-0000-000000000000},0.0,0.0,Yes,2006-02-14 00:00:00,http://www.houstontx.gov/superneighborhoods/68.html,,,Y,CULLEN WOMENS CENTER HOSPITAL,7443, ,CULLEN, , ,HOUSTON,77051,2,0.65141511
65,35,2,47349.751,68,GREATER OST / SOUTH UNION,{00000000-0000-0000-0000-000000000000},0.0,0.0,Yes,2006-02-14 00:00:00,http://www.houstontx.gov/superneighborhoods/68.html,,,Y,I H S HOSPITAL,6160,S,LOOP, ,E,HOUSTON,77087,2,1.94755038
65,32,3,47349.751,68,GREATER OST / SOUTH UNION,{00000000-0000-0000-0000-000000000000},0.0,0.0,Yes,2006-02-14 00:00:00,http://www.houstontx.gov/superneighborhoods/68.html,,,Y,HARRIS CO. PSYCHIATRIC CENTER,2800,S,MACGREGOR,WAY, ,HOUSTON,77021,2,2.31800523
65,31,4,47349.751,68,GREATER OST / SOUTH UNION,{00000000-0000-0000-0000-000000000000},0.0,0.0,Yes,2006-02-14 00:00:00,http://www.houstontx.gov/superneighborhoods/68.html,,,Y,VETERANS AFFAIRS HOSPITAL,2002, ,HOLCOMBE, , ,HOUSTON,77054,2,2.8340033
65,29,5,47349.751,68,GREATER OST / SOUTH UNION,{00000000-0000-0000-0000-000000000000},0.0,0.0,Yes,2006-02-14 00:00:00,http://www.houstontx.gov/superneighborhoods/68.html,,,Y,TIRR  / INSTITUTE FOR REHAB,1333, ,MOURSUND, , ,HOUSTON,77030,2,4.20139385
66,35,1,41012.682,74,PARK PLACE,{00000000-0000-0000-0000-000000000000},0.0,0.0,,,http://www.houstontx.gov/superneighborhoods/74.html,,,Y,I H S HOSPITAL,6160,S,LOOP, ,E,HOUSTON,77087,2,5.70426018
66,64,2,41012.682,74,PARK PLACE,{00000000-0000-0000-0000-000000000000},0.0,0.0,,,http://www.houstontx.gov/superneighborhoods/74.html,,,Y,DEATON HOSPITAL,206,N,MAIN, , ,GALENA PARK,77547,2,6.64572156
66,75,3,41012.682,74,PARK PLACE,{00000000-0000-0000-0000-000000000000},0.0,0.0,,,http://www.houstontx.gov/superneighborhoods/74.html,,,Y,MEMORIAL HERMANN - PASADENA,906,E,SOUTHMORE, , ,PASADENA,77502,2,10.54293555
66,96,4,41012.682,74,PARK PLACE,{00000000-0000-0000-0000-000000000000},0.0,0.0,,,http://www.houstontx.gov/superneighborhoods/74.html,,,Y,KINDRED BAY AREA HOSPITAL,1004, ,SEYMOUR,DR, ,PASADENA,77506,2,11.06874374
66,42,5,41012.682,74,PARK PLACE,{00000000-0000-0000-0000-000000000000},0.0,0.0,,,http://www.houstontx.gov/superneighborhoods/74.html,,,Y,CULLEN WOMENS CENTER HOSPITAL,7443, ,CULLEN, , ,HOUSTON,77051,2,14.06679868
67,64,1,83449.25,75,MEADOWBROOK / ALLENDALE,{00000000-0000-0000-0000-000000000000},0.0,0.0,,,http://www.houstontx.gov/superneighborhoods/75.html,,,Y,DEATON HOSPITAL,206,N,MAIN, , ,GALENA PARK,77547,2,4.1432065
67,75,2,83449.25,75,MEADOWBROOK / ALLENDALE,{00000000-0000-0000-0000-000000000000},0.0,0.0,,,http://www.houstontx.gov/superneighborhoods/75.html,,,Y,MEMORIAL HERMANN - PASADENA,906,E,SOUTHMORE, , ,PASADENA,77502,2,5.12356084
67,96,3,83449.25,75,MEADOWBROOK / ALLENDALE,{00000000-0000-0000-0000-000000000000},0.0,0.0,,,http://www.houstontx.gov/superneighborhoods/75.html,,,Y,KINDRED BAY AREA HOSPITAL,1004, ,SEYMOUR,DR, ,PASADENA,77506,2,5.32333364
67,81,4,83449.25,75,MEADOWBROOK / ALLENDALE,{00000000-0000-0000-0000-000000000000},0.0,0.0,,,http://www.houstontx.gov/superneighborhoods/75.html,,,Y,SURGICAL OUTPATIENT HOSPITAL,3534, ,VISTA,RD, ,PASADENA,77504,2,8.03280234
67,88,5,83449.25,75,MEADOWBROOK / ALLENDALE,{00000000-0000-0000-0000-000000000000},0.0,0.0,,,http://www.houstontx.gov/superneighborhoods/75.html,,,Y,BAYSHORE SURGERY CENTER,3333, ,BAYSHORE,BLVD, ,PASADENA,77504,2,8.62701023
69,18,2,48622.413,27,GULFTON,{00000000-0000-0000-0000-000000000000},0.0,0.0,No,2000-06-22 00:00:00,http://www.houstontx.gov/superneighborhoods/27.html,Y,,Y,WEST OAKS HOSPITAL,6500, ,HORNWOOD, , ,HOUSTON,77074,2,0.84332153
69,108,3,48622.413,27,GULFTON,{00000000-0000-0000-0000-000000000000},0.0,0.0,No,2000-06-22 00:00:00,http://www.houstontx.gov/superneighborhoods/27.html,Y,,Y,HOUSTON DAY HOSPITAL,4665, ,SOUTHWEST FRWY, , ,HOUSTON,77027,2,1.0770783
69,17,4,48622.413,27,GULFTON,{00000000-0000-0000-0000-000000000000},0.0,0.0,No,2000-06-22 00:00:00,http://www.houstontx.gov/superneighborhoods/27.html,Y,,Y,SHARPSTOWN GENERAL HOSPITAL,6700, ,BELLAIRE,BLVD, ,HOUSTON,77074,2,1.81140557
69,11,5,48622.413,27,GULFTON,{00000000-0000-0000-0000-000000000000},0.0,0.0,No,2000-06-22 00:00:00,http://www.houstontx.gov/superneighborhoods/27.html,Y,,Y,TWELVE OAKS HOSPITAL / BAYOU CITY MEDICAL CENTER,4200, ,PORTSMOUTH, , ,HOUSTON,77027,2,3.05612735
70,31,2,47616.773,83,MACGREGOR,{00000000-0000-0000-0000-000000000000},0.0,0.0,Yes,2005-03-14 00:00:00,http://www.houstontx.gov/superneighborhoods/83.html,,,Y,VETERANS AFFAIRS HOSPITAL,2002, ,HOLCOMBE, , ,HOUSTON,77054,2,0.70441671
70,51,3,47616.773,83,MACGREGOR,{00000000-0000-0000-0000-000000000000},0.0,0.0,Yes,2005-03-14 00:00:00,http://www.houstontx.gov/superneighborhoods/83.html,,,Y,HEALTHSOUTH HOSPITAL AND DIAGNOSTIC CENTER,5445, ,LA BRANCH, , ,HOUSTON,77004,2,1.11453425
70,44,4,47616.773,83,MACGREGOR,{00000000-0000-0000-0000-000000000000},0.0,0.0,Yes,2005-03-14 00:00:00,http://www.houstontx.gov/superneighborhoods/83.html,,,Y,PLAZA SPECIALTY HOSPITAL,1300, ,BINZ ST, , ,HOUSTON,77004,2,1.5851778
70,27,5,47616.773,83,MACGREGOR,{00000000-0000-0000-0000-000000000000},0.0,0.0,Yes,2005-03-14 00:00:00,http://www.houstontx.gov/superneighborhoods/83.html,,,Y,PARK PLAZA HOSPITAL,1313, ,HERMANN,DR, ,HOUSTON,77004,2,1.65034
71,35,1,44697.039,69,GULFGATE RIVERVIEW / PINE VALLEY,{00000000-0000-0000-0000-000000000000},0.0,0.0,,,http://www.houstontx.gov/superneighborhoods/69.html,Y,,Y,I H S HOSPITAL,6160,S,LOOP, ,E,HOUSTON,77087,2,0.43186846
71,13,2,44697.039,69,GULFGATE RIVERVIEW / PINE VALLEY,{00000000-0000-0000-0000-000000000000},0.0,0.0,,,http://www.houstontx.gov/superneighborhoods/69.html,Y,,Y,RIVERSIDE GENERAL HOSPITAL,3204, ,ENNIS ST, , ,HOUSTON,77004,2,4.62313236
71,42,3,44697.039,69,GULFGATE RIVERVIEW / PINE VALLEY,{00000000-0000-0000-0000-000000000000},0.0,0.0,,,http://www.houstontx.gov/superneighborhoods/69.html,Y,,Y,CULLEN WOMENS CENTER HOSPITAL,7443, ,CULLEN, , ,HOUSTON,77051,2,6.63911195
71,12,4,44697.039,69,GULFGATE RIVERVIEW / PINE VALLEY,{00000000-0000-0000-0000-000000000000},0.0,0.0,,,http://www.houstontx.gov/superneighborhoods/69.html,Y,,Y,CHRISTUS ST JOSEPH HOSPITAL,1919, ,LA BRANCH, , ,HOUSTON,77002,2,6.92681738
71,92,5,44697.039,69,GULFGATE RIVERVIEW / PINE VALLEY,{00000000-0000-0000-0000-000000000000},0.0,0.0,,,http://www.houstontx.gov/superneighborhoods/69.html,Y,,Y,DUBUIS HOSPITAL FOR CONTINUING CARE,1919, ,LA BRANCH, , ,HOUSTON,77002,2,6.94637846
72,64,1,44994.775,65,HARRISBURG / MANCHESTER,{00000000-0000-0000-0000-000000000000},0.0,0.0,No,2000-11-20 00:00:00,http://www.houstontx.gov/superneighborhoods/65.html,Y,,Y,DEATON HOSPITAL,206,N,MAIN, , ,GALENA PARK,77547,2,2.2455704
72,35,2,44994.775,65,HARRISBURG / MANCHESTER,{00000000-0000-0000-0000-000000000000},0.0,0.0,No,2000-11-20 00:00:00,http://www.houstontx.gov/superneighborhoods/65.html,Y,,Y,I H S HOSPITAL,6160,S,LOOP, ,E,HOUSTON,77087,2,7.23568119
72,96,3,44994.775,65,HARRISBURG / MANCHESTER,{00000000-0000-0000-0000-000000000000},0.0,0.0,No,2000-11-20 00:00:00,http://www.houstontx.gov/superneighborhoods/65.html,Y,,Y,KINDRED BAY AREA HOSPITAL,1004, ,SEYMOUR,DR, ,PASADENA,77506,2,9.15488932
72,75,4,44994.775,65,HARRISBURG / MANCHESTER,{00000000-0000-0000-0000-000000000000},0.0,0.0,No,2000-11-20 00:00:00,http://www.houstontx.gov/superneighborhoods/65.html,Y,,Y,MEMORIAL HERMANN - PASADENA,906,E,SOUTHMORE, , ,PASADENA,77502,2,10.3594094
72,89,5,44994.775,65,HARRISBURG / MANCHESTER,{00000000-0000-0000-0000-000000000000},0.0,0.0,No,2000-11-20 00:00:00,http://www.houstontx.gov/superneighborhoods/65.html,Y,,Y,BRILELA McCREA WOMAN'S PLACE,12605, ,EAST FREEWAY, , ,HOUSTON,77015,2,12.34120187
73,93,1,40113.96,28,UNIVERSITY PLACE,{00000000-0000-0000-0000-000000000000},0.0,0.0,No,2000-03-06 00:00:00,http://www.houstontx.gov/superneighborhoods/28.html,,,N,SELECT SPECIALTY HOSPITAL HOUSTON MEDICAL CENTER,6447, ,MAIN,ST, ,HOUSTON,77030,2,0.07327825
73,20,2,40113.96,28,UNIVERSITY PLACE,{00000000-0000-0000-0000-000000000000},0.0,0.0,No,2000-03-06 00:00:00,http://www.houstontx.gov/superneighborhoods/28.html,,,N,WEST PAVILION METHODIST DIAGNOSTIC CENTER,6447, ,MAIN,ST, ,HOUSTON,77030,2,0.09750209
73,41,3,40113.96,28,UNIVERSITY PLACE,{00000000-0000-0000-0000-000000000000},0.0,0.0,No,2000-03-06 00:00:00,http://www.houstontx.gov/superneighborhoods/28.html,,,N,TEXAS ORTHOPEDIC HOSPITAL,7401,S,MAIN, , ,HOUSTON,77030,2,0.10107139
73,46,4,40113.96,28,UNIVERSITY PLACE,{00000000-0000-0000-0000-000000000000},0.0,0.0,No,2000-03-06 00:00:00,http://www.houstontx.gov/superneighborhoods/28.html,,,N,KINDRED HOSPITAL HOUSTON,6441, ,MAIN, , ,HOUSTON,77030,2,0.10448714
73,30,5,40113.96,28,UNIVERSITY PLACE,{00000000-0000-0000-0000-000000000000},0.0,0.0,No,2000-03-06 00:00:00,http://www.houstontx.gov/superneighborhoods/28.html,,,N,SHRINERS CHILDREN HOSPITAL,6977,S,MAIN, , ,HOUSTON,77030,2,0.11491788
74,8,2,48181.159,19,WESTCHASE,{00000000-0000-0000-0000-000000000000},0.0,0.0,Yes,2010-10-12 00:00:00,http://www.houstontx.gov/superneighborhoods/19.html,,,Y,HCA W. HOUSTON MEDICAL CENTER,12141, ,RICHMOND,AVE, ,HOUSTON,77082,2,0.45717544
74,10,3,48181.159,19,WESTCHASE,{00000000-0000-0000-0000-000000000000},0.0,0.0,Yes,2010-10-12 00:00:00,http://www.houstontx.gov/superneighborhoods/19.html,,,Y,COLUMBIA ROSEWOOD MEDICAL CENTER,9200, ,WESTHEIMER, , ,HOUSTON,77063,2,2.5725054
74,49,4,48181.159,19,WESTCHASE,{00000000-0000-0000-0000-000000000000},0.0,0.0,Yes,2010-10-12 00:00:00,http://www.houstontx.gov/superneighborhoods/19.html,,,Y,ST JOHN HOSPITAL,7322, ,SOUTHWEST FREEWAY, , ,HOUSTON,77074,2,5.63269186
74,19,5,48181.159,19,WESTCHASE,{00000000-0000-0000-0000-000000000000},0.0,0.0,Yes,2010-10-12 00:00:00,http://www.houstontx.gov/superneighborhoods/19.html,,,Y,MEMORIAL HOSPITAL - SOUTHWEST,7600, ,BEECHNUT, , ,HOUSTON,77074,2,6.75356659
75,63,2,16994.764,66,MUSEUM PARK,{00000000-0000-0000-0000-000000000000},0.0,0.0,Yes,2010-05-18 00:00:00,http://www.houstontx.gov/superneighborhoods/66.html,,,N,DEPELCHIN CHILDRENS HOSPITAL,3214, ,AUSTIN, , ,HOUSTON,77004,2,1.4560572
75,32,3,16994.764,66,MUSEUM PARK,{00000000-0000-0000-0000-000000000000},0.0,0.0,Yes,2010-05-18 00:00:00,http://www.houstontx.gov/superneighborhoods/66.html,,,N,HARRIS CO. PSYCHIATRIC CENTER,2800,S,MACGREGOR,WAY, ,HOUSTON,77021,2,1.50695425
76,35,1,35165.833,88,LAWNDALE / WAYSIDE,{00000000-0000-0000-0000-000000000000},0.0,0.0,Yes,2000-06-22 00:00:00,http://www.houstontx.gov/superneighborhoods/88.html,Y,,Y,I H S HOSPITAL,6160,S,LOOP, ,E,HOUSTON,77087,2,3.89170975
76,13,2,35165.833,88,LAWNDALE / WAYSIDE,{00000000-0000-0000-0000-000000000000},0.0,0.0,Yes,2000-06-22 00:00:00,http://www.houstontx.gov/superneighborhoods/88.html,Y,,Y,RIVERSIDE GENERAL HOSPITAL,3204, ,ENNIS ST, , ,HOUSTON,77004,2,6.6736413
76,14,3,35165.833,88,LAWNDALE / WAYSIDE,{00000000-0000-0000-0000-000000000000},0.0,0.0,Yes,2000-06-22 00:00:00,http://www.houstontx.gov/superneighborhoods/88.html,Y,,Y,HOUSTON RECOVERY,4514, ,LYONS,AVE, ,HOUSTON,77020,2,8.933403
76,12,4,35165.833,88,LAWNDALE / WAYSIDE,{00000000-0000-0000-0000-000000000000},0.0,0.0,Yes,2000-06-22 00:00:00,http://www.houstontx.gov/superneighborhoods/88.html,Y,,Y,CHRISTUS ST JOSEPH HOSPITAL,1919, ,LA BRANCH, , ,HOUSTON,77002,2,9.18808147
76,92,5,35165.833,88,LAWNDALE / WAYSIDE,{00000000-0000-0000-0000-000000000000},0.0,0.0,Yes,2000-06-22 00:00:00,http://www.houstontx.gov/superneighborhoods/88.html,Y,,Y,DUBUIS HOSPITAL FOR CONTINUING CARE,1919, ,LA BRANCH, , ,HOUSTON,77002,2,9.20753912
77,39,2,48738.213,87,GREENWAY / UPPER KIRBY AREA,{00000000-0000-0000-0000-000000000000},0.0,0.0,No,2001-10-15 00:00:00,http://www.houstontx.gov/superneighborhoods/87.html,,,N,MEDICAL CENTER HOSPITAL - BELLAIRE,5314, ,DASHWOOD, , ,HOUSTON,77081,2,3.81055943
77,46,3,48738.213,87,GREENWAY / UPPER KIRBY AREA,{00000000-0000-0000-0000-000000000000},0.0,0.0,No,2001-10-15 00:00:00,http://www.houstontx.gov/superneighborhoods/87.html,,,N,KINDRED HOSPITAL HOUSTON,6441, ,MAIN, , ,HOUSTON,77030,2,4.62822714
77,20,4,48738.213,87,GREENWAY / UPPER KIRBY AREA,{00000000-0000-0000-0000-000000000000},0.0,0.0,No,2001-10-15 00:00:00,http://www.houstontx.gov/superneighborhoods/87.html,,,N,WEST PAVILION METHODIST DIAGNOSTIC CENTER,6447, ,MAIN,ST, ,HOUSTON,77030,2,4.67897067
78,12,2,40699.213,67,GREATER THIRD WARD,{00000000-0000-0000-0000-000000000000},0.0,0.0,Yes,2002-06-22 00:00:00,http://www.houstontx.gov/superneighborhoods/67.html,Y,Y,Y,CHRISTUS ST JOSEPH HOSPITAL,1919, ,LA BRANCH, , ,HOUSTON,77002,2,0.83747507
78,92,3,40699.213,67,GREATER THIRD WARD,{00000000-0000-0000-0000-000000000000},0.0,0.0,Yes,2002-06-22 00:00:00,http://www.houstontx.gov/superneighborhoods/67.html,Y,Y,Y,DUBUIS HOSPITAL FOR CONTINUING CARE,1919, ,LA BRANCH, , ,HOUSTON,77002,2,0.86157835
78,63,4,40699.213,67,GREATER THIRD WARD,{00000000-0000-0000-0000-000000000000},0.0,0.0,Yes,2002-06-22 00:00:00,http://www.houstontx.gov/superneighborhoods/67.html,Y,Y,Y,DEPELCHIN CHILDRENS HOSPITAL,3214, ,AUSTIN, , ,HOUSTON,77004,2,1.22788033
78,51,5,40699.213,67,GREATER THIRD WARD,{00000000-0000-0000-0000-000000000000},0.0,0.0,Yes,2002-06-22 00:00:00,http://www.houstontx.gov/superneighborhoods/67.html,Y,Y,Y,HEALTHSOUTH HOSPITAL AND DIAGNOSTIC CENTER,5445, ,LA BRANCH, , ,HOUSTON,77004,2,1.60299139
79,18,2,70198.434,20,MID WEST,{00000000-0000-0000-0000-000000000000},0.0,0.0,Yes,2008-09-09 00:00:00,http://www.houstontx.gov/superneighborhoods/20.html,,,N,WEST OAKS HOSPITAL,6500, ,HORNWOOD, , ,HOUSTON,77074,2,2.98138618
79,17,3,70198.434,20,MID WEST,{00000000-0000-0000-0000-000000000000},0.0,0.0,Yes,2008-09-09 00:00:00,http://www.houstontx.gov/superneighborhoods/20.html,,,N,SHARPSTOWN GENERAL HOSPITAL,6700, ,BELLAIRE,BLVD, ,HOUSTON,77074,2,3.55059769
79,39,4,70198.434,20,MID WEST,{00000000-0000-0000-0000-000000000000},0.0,0.0,Yes,2008-09-09 00:00:00,http://www.houstontx.gov/superneighborhoods/20.html,,,N,MEDICAL CENTER HOSPITAL - BELLAIRE,5314, ,DASHWOOD, , ,HOUSTON,77081,2,4.06378416
79,49,5,70198.434,20,MID WEST,{00000000-0000-0000-0000-000000000000},0.0,0.0,Yes,2008-09-09 00:00:00,http://www.houstontx.gov/superneighborhoods/20.html,,,N,ST JOHN HOSPITAL,7322, ,SOUTHWEST FREEWAY, , ,HOUSTON,77074,2,4.09430344
80,13,1,31864.779,64,GREATER EASTWOOD,{00000000-0000-0000-0000-000000000000},0.0,0.0,Yes,2000-06-22 00:00:00,http://www.houstontx.gov/superneighborhoods/64.html,Y,,Y,RIVERSIDE GENERAL HOSPITAL,3204, ,ENNIS ST, , ,HOUSTON,77004,2,2.50763472
80,12,2,31864.779,64,GREATER EASTWOOD,{00000000-0000-0000-0000-000000000000},0.0,0.0,Yes,2000-06-22 00:00:00,http://www.houstontx.gov/superneighborhoods/64.html,Y,,Y,CHRISTUS ST JOSEPH HOSPITAL,1919, ,LA BRANCH, , ,HOUSTON,77002,2,3.34039806
80,92,3,31864.779,64,GREATER EASTWOOD,{00000000-0000-0000-0000-000000000000},0.0,0.0,Yes,2000-06-22 00:00:00,http://www.houstontx.gov/superneighborhoods/64.html,Y,,Y,DUBUIS HOSPITAL FOR CONTINUING CARE,1919, ,LA BRANCH, , ,HOUSTON,77002,2,3.35885168
80,63,4,31864.779,64,GREATER EASTWOOD,{00000000-0000-0000-0000-000000000000},0.0,0.0,Yes,2000-06-22 00:00:00,http://www.houstontx.gov/superneighborhoods/64.html,Y,,Y,DEPELCHIN CHILDRENS HOSPITAL,3214, ,AUSTIN, , ,HOUSTON,77004,2,4.39913482
80,52,5,31864.779,64,GREATER EASTWOOD,{00000000-0000-0000-0000-000000000000},0.0,0.0,Yes,2000-06-22 00:00:00,http://www.houstontx.gov/superneighborhoods/64.html,Y,,Y,SCCI HOSPITAL,105, ,DREW ST, , ,HOUSTON,77006,2,6.44333688
81,12,2,27528.497,62,MIDTOWN,{00000000-0000-0000-0000-000000000000},0.0,0.0,,,http://www.houstontx.gov/superneighborhoods/62.html,,,N,CHRISTUS ST JOSEPH HOSPITAL,1919, ,LA BRANCH, , ,HOUSTON,77002,2,0.12675629
81,92,3,27528.497,62,MIDTOWN,{00000000-0000-0000-0000-000000000000},0.0,0.0,,,http://www.houstontx.gov/superneighborhoods/62.html,,,N,DUBUIS HOSPITAL FOR CONTINUING CARE,1919, ,LA BRANCH, , ,HOUSTON,77002,2,0.16421183
81,51,4,27528.497,62,MIDTOWN,{00000000-0000-0000-0000-000000000000},0.0,0.0,,,http://www.houstontx.gov/superneighborhoods/62.html,,,N,HEALTHSOUTH HOSPITAL AND DIAGNOSTIC CENTER,5445, ,LA BRANCH, , ,HOUSTON,77004,2,1.77793317
82,67,1,40086.762,32,BRAESWOOD,{00000000-0000-0000-0000-000000000000},0.0,0.0,,,http://www.houstontx.gov/superneighborhoods/32.html,,,N,GREENPARK II MEDICAL CENTER,7515, ,MAIN,ST, ,HOUSTON,77030,2,0.44748895
82,41,2,40086.762,32,BRAESWOOD,{00000000-0000-0000-0000-000000000000},0.0,0.0,,,http://www.houstontx.gov/superneighborhoods/32.html,,,N,TEXAS ORTHOPEDIC HOSPITAL,7401,S,MAIN, , ,HOUSTON,77030,2,0.93075699
82,25,3,40086.762,32,BRAESWOOD,{00000000-0000-0000-0000-000000000000},0.0,0.0,,,http://www.houstontx.gov/superneighborhoods/32.html,,,N,MEDICAL CENTER HOSPITAL,8081, ,GREENBRAIR, , ,HOUSTON,77054,2,1.93011781
82,102,4,40086.762,32,BRAESWOOD,{00000000-0000-0000-0000-000000000000},0.0,0.0,,,http://www.houstontx.gov/superneighborhoods/32.html,,,N,HCA WOMAN'S HOSPITAL OF TEXAS,7600, ,FANNIN, , ,HOUSTON,77054,2,2.1512566
82,30,5,40086.762,32,BRAESWOOD,{00000000-0000-0000-0000-000000000000},0.0,0.0,,,http://www.houstontx.gov/superneighborhoods/32.html,,,N,SHRINERS CHILDREN HOSPITAL,6977,S,MAIN, , ,HOUSTON,77030,2,2.3184393
83,17,1,53183.903,31,MEYERLAND AREA,{00000000-0000-0000-0000-000000000000},0.0,0.0,,,http://www.houstontx.gov/superneighborhoods/31.html,,,N,SHARPSTOWN GENERAL HOSPITAL,6700, ,BELLAIRE,BLVD, ,HOUSTON,77074,2,3.28257442
83,36,2,53183.903,31,MEYERLAND AREA,{00000000-0000-0000-0000-000000000000},0.0,0.0,,,http://www.houstontx.gov/superneighborhoods/31.html,,,N,SPECIALTY HOSPITAL OF HOUSTON,5556, ,GASMER, , ,HOUSTON,77035,2,3.41816332
83,18,3,53183.903,31,MEYERLAND AREA,{00000000-0000-0000-0000-000000000000},0.0,0.0,,,http://www.houstontx.gov/superneighborhoods/31.html,,,N,WEST OAKS HOSPITAL,6500, ,HORNWOOD, , ,HOUSTON,77074,2,3.49650812
83,39,4,53183.903,31,MEYERLAND AREA,{00000000-0000-0000-0000-000000000000},0.0,0.0,,,http://www.houstontx.gov/superneighborhoods/31.html,,,N,MEDICAL CENTER HOSPITAL - BELLAIRE,5314, ,DASHWOOD, , ,HOUSTON,77081,2,3.71124834
83,49,5,53183.903,31,MEYERLAND AREA,{00000000-0000-0000-0000-000000000000},0.0,0.0,,,http://www.houstontx.gov/superneighborhoods/31.html,,,N,ST JOHN HOSPITAL,7322, ,SOUTHWEST FREEWAY, , ,HOUSTON,77074,2,5.20243276
84,81,1,38704.285,79,EDGEBROOK AREA,{00000000-0000-0000-0000-000000000000},0.0,0.0,,,http://www.houstontx.gov/superneighborhoods/79.html,,,Y,SURGICAL OUTPATIENT HOSPITAL,3534, ,VISTA,RD, ,PASADENA,77504,2,4.1093724
84,88,2,38704.285,79,EDGEBROOK AREA,{00000000-0000-0000-0000-000000000000},0.0,0.0,,,http://www.houstontx.gov/superneighborhoods/79.html,,,Y,BAYSHORE SURGERY CENTER,3333, ,BAYSHORE,BLVD, ,PASADENA,77504,2,5.29078185
84,58,3,38704.285,79,EDGEBROOK AREA,{00000000-0000-0000-0000-000000000000},0.0,0.0,,,http://www.houstontx.gov/superneighborhoods/79.html,,,Y,BAYSHORE MEDICAL CENTER,4000, ,SPENCER HIGHWAY, , ,PASADENA,77504,2,5.58150449
84,104,4,38704.285,79,EDGEBROOK AREA,{00000000-0000-0000-0000-000000000000},0.0,0.0,,,http://www.houstontx.gov/superneighborhoods/79.html,,,Y,VISTA MEDICAL CENTER,4301, ,VISTA, , ,PASADENA,77504,2,6.31776122
84,75,5,38704.285,79,EDGEBROOK AREA,{00000000-0000-0000-0000-000000000000},0.0,0.0,,,http://www.houstontx.gov/superneighborhoods/79.html,,,Y,MEMORIAL HERMANN - PASADENA,906,E,SOUTHMORE, , ,PASADENA,77502,2,8.81527694
85,14,1,40738.538,82,MAGNOLIA PARK,{00000000-0000-0000-0000-000000000000},0.0,0.0,No,2000-11-20 00:00:00,http://www.houstontx.gov/superneighborhoods/82.html,Y,Y,Y,HOUSTON RECOVERY,4514, ,LYONS,AVE, ,HOUSTON,77020,2,6.52139539
85,64,2,40738.538,82,MAGNOLIA PARK,{00000000-0000-0000-0000-000000000000},0.0,0.0,No,2000-11-20 00:00:00,http://www.houstontx.gov/superneighborhoods/82.html,Y,Y,Y,DEATON HOSPITAL,206,N,MAIN, , ,GALENA PARK,77547,2,6.99560379
85,35,3,40738.538,82,MAGNOLIA PARK,{00000000-0000-0000-0000-000000000000},0.0,0.0,No,2000-11-20 00:00:00,http://www.houstontx.gov/superneighborhoods/82.html,Y,Y,Y,I H S HOSPITAL,6160,S,LOOP, ,E,HOUSTON,77087,2,8.61203777
85,13,4,40738.538,82,MAGNOLIA PARK,{00000000-0000-0000-0000-000000000000},0.0,0.0,No,2000-11-20 00:00:00,http://www.houstontx.gov/superneighborhoods/82.html,Y,Y,Y,RIVERSIDE GENERAL HOSPITAL,3204, ,ENNIS ST, , ,HOUSTON,77004,2,9.29211655
85,15,5,40738.538,82,MAGNOLIA PARK,{00000000-0000-0000-0000-000000000000},0.0,0.0,No,2000-11-20 00:00:00,http://www.houstontx.gov/superneighborhoods/82.html,Y,Y,Y,DOCTOR'S HOSPITAL - EAST LOOP,9339,N,LOOP, ,E,HOUSTON,77029,2,10.19930592
86,108,1,63736.5,23,AFTON OAKS / RIVER OAKS AREA,{00000000-0000-0000-0000-000000000000},0.0,0.0,No,2001-10-15 00:00:00,http://www.houstontx.gov/superneighborhoods/23.html,,,N,HOUSTON DAY HOSPITAL,4665, ,SOUTHWEST FRWY, , ,HOUSTON,77027,2,0.17137089
86,11,2,63736.5,23,AFTON OAKS / RIVER OAKS AREA,{00000000-0000-0000-0000-000000000000},0.0,0.0,No,2001-10-15 00:00:00,http://www.houstontx.gov/superneighborhoods/23.html,,,N,TWELVE OAKS HOSPITAL / BAYOU CITY MEDICAL CENTER,4200, ,PORTSMOUTH, , ,HOUSTON,77027,2,0.56307457
86,39,3,63736.5,23,AFTON OAKS / RIVER OAKS AREA,{00000000-0000-0000-0000-000000000000},0.0,0.0,No,2001-10-15 00:00:00,http://www.houstontx.gov/superneighborhoods/23.html,,,N,MEDICAL CENTER HOSPITAL - BELLAIRE,5314, ,DASHWOOD, , ,HOUSTON,77081,2,5.3684313
86,52,4,63736.5,23,AFTON OAKS / RIVER OAKS AREA,{00000000-0000-0000-0000-000000000000},0.0,0.0,No,2001-10-15 00:00:00,http://www.houstontx.gov/superneighborhoods/23.html,,,N,SCCI HOSPITAL,105, ,DREW ST, , ,HOUSTON,77006,2,5.37224613
86,44,5,63736.5,23,AFTON OAKS / RIVER OAKS AREA,{00000000-0000-0000-0000-000000000000},0.0,0.0,No,2001-10-15 00:00:00,http://www.houstontx.gov/superneighborhoods/23.html,,,N,PLAZA SPECIALTY HOSPITAL,1300, ,BINZ ST, , ,HOUSTON,77004,2,6.36224616
87,85,1,63745.3,18,BRIAR FOREST,{00000000-0000-0000-0000-000000000000},0.0,0.0,Yes,2009-08-11 00:00:00,http://www.houstontx.gov/superneighborhoods/18.html,,,N,HEALTH BRIDGE CHILDREN'S HOSPITAL,2929, ,WOODLAND PARK, , ,HOUSTON,77082,2,0.94552117
87,8,2,63745.3,18,BRIAR FOREST,{00000000-0000-0000-0000-000000000000},0.0,0.0,Yes,2009-08-11 00:00:00,http://www.houstontx.gov/superneighborhoods/18.html,,,N,HCA W. HOUSTON MEDICAL CENTER,12141, ,RICHMOND,AVE, ,HOUSTON,77082,2,1.6690047
87,10,3,63745.3,18,BRIAR FOREST,{00000000-0000-0000-0000-000000000000},0.0,0.0,Yes,2009-08-11 00:00:00,http://www.houstontx.gov/superneighborhoods/18.html,,,N,COLUMBIA ROSEWOOD MEDICAL CENTER,9200, ,WESTHEIMER, , ,HOUSTON,77063,2,2.54997045
87,9,4,63745.3,18,BRIAR FOREST,{00000000-0000-0000-0000-000000000000},0.0,0.0,Yes,2009-08-11 00:00:00,http://www.houstontx.gov/superneighborhoods/18.html,,,N,MEMORIAL HOSPITAL - MEMORIAL CITY,920, ,FROSTWOOD, , ,HOUSTON,77024,2,4.73918819
87,54,5,63745.3,18,BRIAR FOREST,{00000000-0000-0000-0000-000000000000},0.0,0.0,Yes,2009-08-11 00:00:00,http://www.houstontx.gov/superneighborhoods/18.html,,,N,WEST HOUSTON SURGICARE,970, ,CAMPBELL, , ,HEDWIG VILLAGE,77024,2,8.63380706
88,52,1,38737.33,24,NEARTOWN - MONTROSE,{00000000-0000-0000-0000-000000000000},0.0,0.0,Yes,2001-10-15 00:00:00,http://www.houstontx.gov/superneighborhoods/24.html,,,N,SCCI HOSPITAL,105, ,DREW ST, , ,HOUSTON,77006,2,0.28720191
88,63,2,38737.33,24,NEARTOWN - MONTROSE,{00000000-0000-0000-0000-000000000000},0.0,0.0,Yes,2001-10-15 00:00:00,http://www.houstontx.gov/superneighborhoods/24.html,,,N,DEPELCHIN CHILDRENS HOSPITAL,3214, ,AUSTIN, , ,HOUSTON,77004,2,1.48981866
88,51,3,38737.33,24,NEARTOWN - MONTROSE,{00000000-0000-0000-0000-000000000000},0.0,0.0,Yes,2001-10-15 00:00:00,http://www.houstontx.gov/superneighborhoods/24.html,,,N,HEALTHSOUTH HOSPITAL AND DIAGNOSTIC CENTER,5445, ,LA BRANCH, , ,HOUSTON,77004,2,1.88981179
88,44,4,38737.33,24,NEARTOWN - MONTROSE,{00000000-0000-0000-0000-000000000000},0.0,0.0,Yes,2001-10-15 00:00:00,http://www.houstontx.gov/superneighborhoods/24.html,,,N,PLAZA SPECIALTY HOSPITAL,1300, ,BINZ ST, , ,HOUSTON,77004,2,1.95965744
88,27,5,38737.33,24,NEARTOWN - MONTROSE,{00000000-0000-0000-0000-000000000000},0.0,0.0,Yes,2001-10-15 00:00:00,http://www.houstontx.gov/superneighborhoods/24.html,,,N,PARK PLAZA HOSPITAL,1313, ,HERMANN,DR, ,HOUSTON,77004,2,2.13604061
9,10,2,136644.963,16,MEMORIAL,{00000000-0000-0000-0000-000000000000},0.0,0.0,Yes,2010-12-15 00:00:00,http://www.houstontx.gov/superneighborhoods/16.html,,,N,COLUMBIA ROSEWOOD MEDICAL CENTER,9200, ,WESTHEIMER, , ,HOUSTON,77063,2,1.66795513
9,54,3,136644.963,16,MEMORIAL,{00000000-0000-0000-0000-000000000000},0.0,0.0,Yes,2010-12-15 00:00:00,http://www.houstontx.gov/superneighborhoods/16.html,,,N,WEST HOUSTON SURGICARE,970, ,CAMPBELL, , ,HEDWIG VILLAGE,77024,2,3.58319589
9,3,4,136644.963,16,MEMORIAL,{00000000-0000-0000-0000-000000000000},0.0,0.0,Yes,2010-12-15 00:00:00,http://www.houstontx.gov/superneighborhoods/16.html,,,N,SPRING BRANCH MEDICAL CENTER,8850, ,LONG POINT, , ,HOUSTON,77055,2,6.37055592
9,85,5,136644.963,16,MEMORIAL,{00000000-0000-0000-0000-000000000000},0.0,0.0,Yes,2010-12-15 00:00:00,http://www.houstontx.gov/superneighborhoods/16.html,,,N,HEALTH BRIDGE CHILDREN'S HOSPITAL,2929, ,WOODLAND PARK, , ,HOUSTON,77082,2,6.44545671
22,9,1,72548.445,10,SPRING BRANCH WEST,{00000000-0000-0000-0000-000000000000},0.0,0.0,Yes,2000-05-11 00:00:00,http://www.houstontx.gov/superneighborhoods/10.html,,,N,MEMORIAL HOSPITAL - MEMORIAL CITY,920, ,FROSTWOOD, , ,HOUSTON,77024,2,0.53091392
22,54,2,72548.445,10,SPRING BRANCH WEST,{00000000-0000-0000-0000-000000000000},0.0,0.0,Yes,2000-05-11 00:00:00,http://www.houstontx.gov/superneighborhoods/10.html,,,N,WEST HOUSTON SURGICARE,970, ,CAMPBELL, , ,HEDWIG VILLAGE,77024,2,1.56829937
22,2,3,72548.445,10,SPRING BRANCH WEST,{00000000-0000-0000-0000-000000000000},0.0,0.0,Yes,2000-05-11 00:00:00,http://www.houstontx.gov/superneighborhoods/10.html,,,N,MEMORIAL SPRING SHADOWS GLEN HOSPITAL,2801, ,GESSNER, , ,HOUSTON,77080,2,2.58794359
22,3,4,72548.445,10,SPRING BRANCH WEST,{00000000-0000-0000-0000-000000000000},0.0,0.0,Yes,2000-05-11 00:00:00,http://www.houstontx.gov/superneighborhoods/10.html,,,N,SPRING BRANCH MEDICAL CENTER,8850, ,LONG POINT, , ,HOUSTON,77055,2,3.08727932
22,10,5,72548.445,10,SPRING BRANCH WEST,{00000000-0000-0000-0000-000000000000},0.0,0.0,Yes,2000-05-11 00:00:00,http://www.houstontx.gov/superneighborhoods/10.html,,,N,COLUMBIA ROSEWOOD MEDICAL CENTER,9200, ,WESTHEIMER, , ,HOUSTON,77063,2,10.14013342
48,90,1,145251.999,9,ADDICKS PARK TEN,{00000000-0000-0000-0000-000000000000},0.0,0.0,,,http://www.houstontx.gov/superneighborhoods/9.html,,,N,CHRISTUS ST. CATHERINE,777,S,FRY,RD, ,HOUSTON,77094,2,4.19996558
48,2,2,145251.999,9,ADDICKS PARK TEN,{00000000-0000-0000-0000-000000000000},0.0,0.0,,,http://www.houstontx.gov/superneighborhoods/9.html,,,N,MEMORIAL SPRING SHADOWS GLEN HOSPITAL,2801, ,GESSNER, , ,HOUSTON,77080,2,5.67807336
48,9,3,145251.999,9,ADDICKS PARK TEN,{00000000-0000-0000-0000-000000000000},0.0,0.0,,,http://www.houstontx.gov/superneighborhoods/9.html,,,N,MEMORIAL HOSPITAL - MEMORIAL CITY,920, ,FROSTWOOD, , ,HOUSTON,77024,2,7.67136593
48,85,4,145251.999,9,ADDICKS PARK TEN,{00000000-0000-0000-0000-000000000000},0.0,0.0,,,http://www.houstontx.gov/superneighborhoods/9.html,,,N,HEALTH BRIDGE CHILDREN'S HOSPITAL,2929, ,WOODLAND PARK, , ,HOUSTON,77082,2,13.10731858
48,3,5,145251.999,9,ADDICKS PARK TEN,{00000000-0000-0000-0000-000000000000},0.0,0.0,,,http://www.houstontx.gov/superneighborhoods/9.html,,,N,SPRING BRANCH MEDICAL CENTER,8850, ,LONG POINT, , ,HOUSTON,77055,2,13.17254764
