Join_Count,TARGET_FID,JOIN_FID,Shape_Leng,ZipCode,City,Pop2018,FYpop,Pop2019,STATE,COUNTY,LOCATION,SPL_THEMES,RPL_THEMES,AREA_SQMI,E_TOTPOP,M_TOTPOP,E_HU,M_HU,E_HH,M_HH,E_POV,M_POV,E_UNEMP,M_UNEMP,E_PCI,M_PCI,E_NOHSDP,M_NOHSDP,E_AGE65,M_AGE65,E_AGE17,M_AGE17,E_DISABL,M_DISABL,E_SNGPNT,M_SNGPNT,E_MINRTY,M_MINRTY,E_LIMENG,M_LIMENG,E_MUNIT,M_MUNIT,E_MOBILE,M_MOBILE,E_CROWD,M_CROWD,E_NOVEH,M_NOVEH,E_GROUPQ,M_GROUPQ,EP_POV,MP_POV,EP_UNEMP,MP_UNEMP,EP_PCI,MP_PCI,EP_NOHSDP,MP_NOHSDP,EP_AGE65,MP_AGE65,EP_AGE17,MP_AGE17,EP_DISABL,MP_DISABL,EP_SNGPNT,MP_SNGPNT,EP_MINRTY,MP_MINRTY,EP_LIMENG,MP_LIMENG,EP_MUNIT,MP_MUNIT,EP_MOBILE,MP_MOBILE,EP_CROWD,MP_CROWD,EP_NOVEH,MP_NOVEH,EP_GROUPQ,MP_GROUPQ,EPL_POV,EPL_UNEMP,EPL_PCI,EPL_NOHSDP,SPL_THEME1,RPL_THEME1,EPL_AGE65,EPL_AGE17,EPL_DISABL,EPL_SNGPNT,SPL_THEME2,RPL_THEME2,EPL_MINRTY,EPL_LIMENG,SPL_THEME3,RPL_THEME3,EPL_MUNIT,EPL_MOBILE,EPL_CROWD,EPL_NOVEH,EPL_GROUPQ,SPL_THEME4,RPL_THEME4,F_POV,F_UNEMP,F_PCI,F_NOHSDP,F_THEME1,F_AGE65,F_AGE17,F_DISABL,F_SNGPNT,F_THEME2,F_MINRTY,F_LIMENG,F_THEME3,F_MUNIT,F_MOBILE,F_CROWD,F_NOVEH,F_GROUPQ,F_THEME4,F_TOTAL,E_UNINSUR,M_UNINSUR,EP_UNINSUR,MP_UNINSUR,E_DAYPOP,Shape_Length_1,Shape_Area_1
1,13,700,25285.27166,77014,Houston,33924,37343,33388,TEXAS,Harris,"Census Tract 5504.01, Harris County, Texas",10.3639,0.9133,3.85208174,14904,1396,5356,89,4911,205,2656,874,679,265,21344,2720,1792,486,583,146,4798,841,1665,423,878,245.4,13822,1433.3,1984,540.2,1724,275.5,599,139,202,126.2,596,194,7,10,18,6.1,8.7,3.6,21344,2720,21.1,5.2,3.9,0.9,32.2,4.8,11.2,2.7,17.9,4.9,92.7,4.1,14.7,3.8,32.2,5.1,11.2,2.6,4.1,2.6,12.1,3.9,0,0.1,0.6884,0.7868,0.763,0.8175,3.0557,0.8204,0.0213,0.9435,0.3964,0.9036,2.2648,0.6672,0.9262,0.9198,1.846,0.9522,0.8845,0.8046,0.73,0.7783,0,3.1974,0.8543,0,0,0,0,0,0,1,0,1,2,1,1,2,0,0,0,0,0,0,4,4090,824,27.4,4.8,4986,16032.63883,13450401.45
1,13,701,25285.27166,77014,Houston,33924,37343,33388,TEXAS,Harris,"Census Tract 5504.02, Harris County, Texas",8.6957,0.7233,1.82022769,11568,1161,4064,83,3532,191,2155,750,233,119,20507,2154,1106,276,640,212,3307,777,966,396,778,249.1,11300,1174,750,289.1,1367,315.8,0,21,209,147.2,266,141,0,21,18.6,6.3,3.9,2,20507,2154,16.4,3.5,5.5,2,28.6,6.1,8.4,3.8,22,7,97.7,2.6,6.9,2.6,33.6,7.7,0,1,5.9,4.2,7.5,4,0,0.2,0.703,0.3138,0.7909,0.7191,2.5268,0.6743,0.0423,0.8593,0.1924,0.9542,2.0482,0.5208,0.9692,0.8132,1.7824,0.9231,0.8912,0,0.8217,0.6254,0,2.3383,0.5068,0,0,0,0,0,0,0,0,1,1,1,0,1,0,0,0,0,0,0,2,2247,669,19.4,4.7,5102,15681.38076,6315731.89
1,13,705,25285.27166,77014,Houston,33924,37343,33388,TEXAS,Harris,"Census Tract 5506.03, Harris County, Texas",9.7128,0.8462,0.67151246,6406,545,1773,42,1648,90,1284,449,152,126,19333,2726,1353,319,340,52,1935,244,443,158,275,116.8,6202,558.9,1703,374.1,539,123.1,10,17,160,85.3,45,44,9,6,20.1,6.9,4.6,3.5,19333,2726,36.9,7.7,5.3,0.9,30.2,2.8,6.9,2.2,16.7,7,96.8,2.9,28.1,5.6,30.4,6.9,0.6,1,9.7,5.1,2.7,2.6,0.1,0.1,0.7374,0.4082,0.8262,0.9596,2.9314,0.7879,0.0384,0.905,0.1037,0.881,1.9281,0.4344,0.9596,0.9828,1.9424,0.9887,0.875,0.4741,0.9113,0.2714,0.3791,2.9109,0.7564,0,0,0,1,1,0,1,0,0,1,1,1,2,0,0,1,0,0,1,5,1666,413,26,6.3,2567,7186.572626,2319248.697
1,13,708,25285.27166,77014,Houston,33924,37343,33388,TEXAS,Harris,"Census Tract 5509, Harris County, Texas",8.8944,0.7484,1.22965224,9779,679,2752,88,2618,119,1325,690,489,222,17133,2014,1466,339,864,89,2895,512,1179,401,279,131.2,9081,739.1,1258,354.1,130,92.8,0,19,388,164.5,62,72,0,19,13.5,7,10.6,4.8,17133,2014,25.6,6.1,8.8,1.1,29.6,4.8,12.1,4.2,10.7,5,92.9,3.9,13.6,3.7,4.7,3.4,0,1.4,14.8,6.2,2.4,2.8,0,0.2,0.5528,0.8643,0.8838,0.883,3.1839,0.8525,0.1446,0.8895,0.4635,0.6767,2.1743,0.6083,0.9277,0.9103,1.838,0.9488,0.5022,0,0.9577,0.2383,0,1.6982,0.2449,0,0,0,0,0,0,0,0,0,0,1,1,2,0,0,1,0,0,1,3,2421,678,24.8,6.7,3014,8672.207333,4261633.356
1,13,710,25285.27166,77014,Houston,33924,37343,33388,TEXAS,Harris,"Census Tract 5511, Harris County, Texas",10.5154,0.9273,1.77973447,10894,1002,3742,89,3476,192,2386,755,476,217,20990,3028,1404,390,1137,206,3100,657,1186,322,525,178.4,10022,1058.8,1619,512.6,1564,310.2,0,21,477,197.8,307,175,89,98,22.1,6.8,8.7,3.8,20990,3028,21.1,5.6,10.4,1.8,28.5,5.4,11,3,15.1,5.1,92,4.8,16.1,4.9,41.8,8.2,0,1.1,13.7,5.6,8.8,5,0.8,0.9,0.7775,0.7868,0.7755,0.8175,3.1573,0.8458,0.2188,0.8559,0.3822,0.8427,2.2996,0.6889,0.9219,0.9304,1.8523,0.955,0.9221,0,0.9507,0.6798,0.6536,3.2062,0.857,0,0,0,0,0,0,0,0,0,0,1,1,2,1,0,1,0,0,2,4,2245,779,20.7,6.4,10224,10871.85085,6190780.571
1,13,711,25285.27166,77014,Houston,33924,37343,33388,TEXAS,Harris,"Census Tract 5512, Harris County, Texas",8.5694,0.7055,1.37836213,7718,759,2790,82,2672,136,1180,716,194,117,28101,4793,794,340,1015,186,2032,407,962,290,454,232.4,4715,1008.5,717,344.1,696,286,0,19,109,98.8,196,134,0,19,15.3,8.8,4.7,2.8,28101,4793,15.5,6.2,13.2,2.8,26.3,4.6,12.5,4,17,8.7,61.1,11.6,10.1,4.7,24.9,10.2,0,1.4,4.1,3.7,7.3,5,0,0.2,0.613,0.4219,0.5155,0.6954,2.2458,0.5904,0.374,0.7613,0.4933,0.8872,2.5158,0.8089,0.7516,0.8712,1.6228,0.8477,0.8393,0,0.73,0.6157,0,2.185,0.4382,0,0,0,0,0,0,0,0,0,0,0,0,0,0,0,0,0,0,0,0,1588,458,20.6,6.1,7616,9769.880669,4767456.553
1,13,736,25285.27166,77014,Houston,33924,37343,33388,TEXAS,Harris,"Census Tract 5530.01, Harris County, Texas",6.6533,0.4137,1.80736393,5786,541,2285,29,2143,93,508,273,122,80,38773,3102,354,260,857,99,998,176,468,138,200,112.7,3292,657.1,373,368.8,364,134.2,42,66,3,21.5,61,72,35,19,8.8,4.4,3.5,2.3,38773,3102,8.5,5.9,14.8,2.3,17.2,2.6,8.1,2.4,9.3,5.2,56.9,10,6.8,6.7,15.9,5.9,1.8,2.9,0.1,1,2.8,3.3,0.6,0.3,0.3592,0.2583,0.2398,0.421,1.2783,0.2841,0.4709,0.1848,0.1728,0.5963,1.4248,0.1562,0.7262,0.811,1.5372,0.8065,0.7474,0.5951,0.1771,0.2821,0.6113,2.413,0.5389,0,0,0,0,0,0,0,0,0,0,0,0,0,0,0,0,0,0,0,0,1031,564,17.8,8.7,4564,10798.266,6334631.627
1,13,737,25285.27166,77014,Houston,33924,37343,33388,TEXAS,Harris,"Census Tract 5530.02, Harris County, Texas",7.9485,0.6153,1.75790966,4834,511,1838,31,1602,117,540,260,194,155,39554,5635,627,200,806,89,958,245,540,225,202,121.6,3609,567.1,701,261.4,423,129.6,0,13,55,63.3,70,76,0,13,11.3,5.3,7.8,5.9,39554,5635,18.6,5.1,16.7,2.7,19.8,4.6,11.2,4.6,12.6,7.5,74.7,8.7,15.4,5.5,23,7,0,2.1,3.4,3.9,4.4,4.6,0,0.3,0.4701,0.7332,0.2262,0.7698,2.1993,0.5764,0.5877,0.3232,0.3964,0.7629,2.0702,0.5366,0.8241,0.9255,1.7496,0.9078,0.824,0,0.675,0.4304,0,1.9294,0.3309,0,0,0,0,0,0,0,0,0,0,0,1,1,0,0,0,0,0,0,1,849,364,17.6,6.6,3631,11483.15658,6208190.663
1,31,49,43265.28328,77032,Houston,13151,14266,13626,TEXAS,Harris,"Census Tract 2226, Harris County, Texas",10.5548,0.9303,1.01193473,5109,485,2219,35,1981,104,1864,535,222,139,15126,3861,1068,219,348,103,1765,357,438,124,371,125.9,4954,493.1,1916,360.1,1590,179,0,19,288,97.7,376,124,0,19,36.5,8.8,9.1,5.4,15126,3861,35.1,7.3,6.8,2.2,34.5,6.2,8.6,2.6,18.7,6.3,97,2.9,43.1,7,71.7,8,0,1.8,14.5,4.9,19,6.1,0,0.4,0.9357,0.8068,0.9278,0.9524,3.6227,0.9544,0.0726,0.9715,0.2054,0.916,2.1655,0.6023,0.9616,0.9976,1.9592,0.9936,0.9744,0,0.9559,0.8771,0,2.8074,0.7139,1,0,1,1,3,0,1,0,1,2,1,1,2,1,0,1,0,0,2,9,2306,343,45.1,5.2,8390,9380.284502,3513765.52
1,31,50,43265.28328,77032,Houston,13151,14266,13626,TEXAS,Harris,"Census Tract 2227, Harris County, Texas",11.2401,0.9734,2.73416239,5773,458,2258,78,2131,108,2650,527,268,143,12093,1645,733,186,449,94,2317,325,909,218,782,164,5446,486.5,213,129.5,1113,208.9,9,15,96,69.3,482,134,0,19,45.9,8.1,11.9,6.2,12093,1645,26.5,6.7,7.8,1.7,40.1,4.6,15.7,4,36.7,7.5,94.3,3.9,4.2,2.5,49.3,9.1,0.4,0.6,4.5,3.2,22.6,6.3,0,0.3,0.9753,0.8991,0.9749,0.8929,3.7422,0.9768,0.1053,0.9947,0.6992,0.9971,2.7963,0.9199,0.9382,0.7272,1.6654,0.868,0.9417,0.436,0.7545,0.904,0,3.0362,0.8015,1,0,1,0,2,0,1,0,1,2,1,0,1,1,0,0,1,0,2,7,915,340,15.8,5.9,24820,20448.85159,9453725.657
1,31,51,43265.28328,77032,Houston,13151,14266,13626,TEXAS,Harris,"Census Tract 2228, Harris County, Texas",9.7751,0.8528,2.59795912,3148,295,928,47,872,54,1018,283,63,38,13865,2194,1152,146,159,40,1017,171,241,72,180,72.6,2812,305.9,1057,194.7,11,19.8,385,67,76,39.5,29,28,0,13,32.3,7.7,4.7,2.9,13865,2194,65.7,6.1,5.1,1.4,32.3,4.5,7.7,2.3,20.6,8.2,89.3,4.9,36.9,5.8,1.2,2.1,41.5,6.9,8.7,4.5,3.3,3.2,0,0.4,0.906,0.4219,0.9503,0.9993,3.2775,0.8753,0.0351,0.945,0.1478,0.9405,2.0684,0.5354,0.9038,0.9949,1.8987,0.9732,0.3217,0.9826,0.895,0.3312,0,2.5305,0.5921,1,0,1,1,3,0,1,0,1,2,1,1,2,0,1,0,0,0,1,8,1368,291,43.5,7.7,10646,12424.38326,9002921.327
1,31,52,43265.28328,77032,Houston,13151,14266,13626,TEXAS,Harris,"Census Tract 2229, Harris County, Texas",8.9649,0.7567,2.23941979,7548,1009,2276,85,2017,153,1755,756,60,55,15878,2428,1879,454,970,142,2313,517,564,219,261,146.2,7249,1028.2,1863,583.3,38,62,174,101,107,82.9,38,59,0,19,23.3,9,1.9,1.8,15878,2428,43.2,8.4,12.9,1.8,30.6,5.5,7.5,2.7,12.9,7.2,96,4.6,25.4,7.2,1.7,2.7,7.6,4.4,5.3,4.1,1.9,2.9,0,0.3,0.7982,0.0766,0.9127,0.9788,2.7663,0.7425,0.3569,0.9143,0.1364,0.7746,2.1822,0.6135,0.9521,0.9756,1.9277,0.9838,0.3594,0.7495,0.797,0.1828,0,2.0887,0.3965,0,0,1,1,2,0,1,0,0,1,1,1,2,0,0,0,0,0,0,5,2242,660,29.7,6.9,3707,12267.33021,7793128.341
1,31,53,43265.28328,77032,Houston,13151,14266,13626,TEXAS,Harris,"Census Tract 2230.01, Harris County, Texas",9.6127,0.8351,1.19841852,4465,403,1107,20,1057,42,1762,403,72,48,12622,1593,1088,181,246,43,1713,255,138,61,257,88.2,4279,411.5,1494,280.2,323,82.9,0,13,93,52.4,82,50,0,13,39.6,8.7,4.1,2.6,12622,1593,48.1,6.6,5.5,1,38.4,4.5,3.1,1.4,24.3,8.3,95.8,3.2,37,6.1,29.2,7.5,0,3.5,8.8,4.9,7.8,4.7,0,0.3,0.9525,0.3411,0.9686,0.9884,3.2506,0.869,0.0423,0.9915,0.0073,0.9712,2.0123,0.4957,0.9504,0.995,1.9454,0.9897,0.868,0,0.8969,0.6395,0,2.4044,0.5353,1,0,1,1,3,0,1,0,1,2,1,1,2,0,0,0,0,0,0,7,1773,325,39.7,5.9,1470,9213.392968,4237252.717
1,31,55,43265.28328,77032,Houston,13151,14266,13626,TEXAS,Harris,"Census Tract 2231, Harris County, Texas",9.6232,0.8364,1.83464744,2336,301,670,29,610,49,584,321,73,45,17330,5158,694,141,198,47,701,173,270,136,55,37.4,1940,333.2,441,137.5,0,18.4,92,56,66,44.7,54,38,0,13,25.2,12.9,6.5,3.8,17330,5158,50.9,8,8.5,2.3,30,6.3,11.6,6,9,6.1,83,9.4,19.5,5.6,0,2.7,13.7,8.2,10.8,7.3,8.9,6.4,0,0.6,0.8268,0.6284,0.8792,0.9917,3.3261,0.8867,0.1327,0.9002,0.4254,0.5769,2.0352,0.5118,0.8674,0.9512,1.8186,0.9396,0,0.8349,0.9248,0.6836,0,2.4433,0.5533,0,0,0,1,1,0,1,0,0,1,0,1,1,0,0,1,0,0,1,4,717,272,30.7,9.4,4638,12368.80635,6335209.84
1,31,77,43265.28328,77032,Houston,13151,14266,13626,TEXAS,Harris,"Census Tract 2322, Harris County, Texas",7.4965,0.5473,7.65745054,17871,1469,6373,162,6163,243,2537,1613,271,188,39272,6937,1457,802,1345,537,5460,1099,1347,645,621,336.2,13483,1620.9,1737,903.4,2484,487.6,167,133,148,183.2,166,151,0,21,14.2,8.3,3,2,39272,6937,12.7,6.7,7.5,3.1,30.6,5.6,7.5,3.6,10.1,5.4,75.4,6.6,11.1,5.7,39,7.6,2.6,2.1,2.4,3,2.7,2.4,0,0.1,0.5774,0.1943,0.2314,0.6054,1.6085,0.3906,0.0944,0.9143,0.1364,0.6437,1.7888,0.3465,0.828,0.8837,1.7117,0.8897,0.9129,0.635,0.5682,0.2714,0,2.3875,0.5279,0,0,0,0,0,0,1,0,0,1,0,0,0,1,0,0,0,0,1,2,2271,1142,12.7,5.9,6352,30033.24402,26735143.23
1,31,103,43265.28328,77032,Houston,13151,14266,13626,TEXAS,Harris,"Census Tract 2401, Harris County, Texas",10.2483,0.9028,1.38426949,3716,461,1814,62,1414,120,988,411,151,95,16760,3286,765,230,142,78,1162,347,220,101,209,92,3272,520.7,627,202.8,1297,184.6,13,20,176,87.5,141,82,0,13,26.6,10.1,7.9,4.9,16760,3286,35.2,9.2,3.8,2.2,31.3,8.5,5.9,2.8,14.8,6.4,88.1,8.8,18.5,5.6,71.5,9.9,0.7,1.1,12.4,6.1,10,5.6,0,0.3,0.8458,0.7398,0.8932,0.9528,3.4316,0.9115,0.0205,0.9278,0.0615,0.8348,1.8446,0.381,0.8964,0.9457,1.8421,0.9506,0.9742,0.4938,0.9409,0.7211,0,3.13,0.8325,0,0,0,1,1,0,1,0,0,1,0,1,1,1,0,1,0,0,2,5,1210,275,32.6,6.9,21330,11958.66746,4772499.752
1,31,104,43265.28328,77032,Houston,13151,14266,13626,TEXAS,Harris,"Census Tract 2404, Harris County, Texas",8.3689,0.6775,8.0671121,8110,662,2446,47,2403,84,2094,1151,46,56,21552,4612,1240,320,784,188,2950,715,388,157,337,164.9,6828,732.3,1085,376.8,37,45.2,326,144,89,74.5,41,47,0,19,25.8,12.8,1.4,1.7,21552,4612,27,7.1,9.7,2.4,36.4,8.3,4.8,2,14,6.8,84.2,5.9,14.3,4.9,1.5,1.8,13.3,6,3.7,3.1,1.7,2,0,0.2,0.8353,0.0412,0.7555,0.8981,2.5301,0.6754,0.185,0.9841,0.0305,0.8117,2.0113,0.4947,0.8744,0.9164,1.7908,0.9268,0.3451,0.8306,0.7001,0.1609,0,2.0367,0.3752,0,0,0,0,0,0,1,0,0,1,0,1,1,0,0,0,0,0,0,2,2112,463,26,5.4,26303,28320.43408,28078060.54
1,31,105,43265.28328,77032,Houston,13151,14266,13626,TEXAS,Harris,"Census Tract 2405.01, Harris County, Texas",10.1609,0.8945,1.26798715,6135,646,2574,45,2167,142,1625,510,193,99,13415,1678,1097,257,211,93,2292,363,474,206,536,143.6,6007,649.7,1536,387,1536,207,0,19,214,86.6,253,106,0,19,26.5,7.7,7.2,3.4,13415,1678,33.6,5.8,3.4,1.6,37.4,4.4,7.7,3.2,24.7,6.4,97.9,2.4,28.5,6.6,59.7,8,0,1.5,9.9,3.9,11.7,4.8,0,0.3,0.8444,0.6891,0.9575,0.9452,3.4362,0.9125,0.0176,0.9885,0.1478,0.9734,2.1273,0.5754,0.9716,0.9836,1.9552,0.9925,0.9599,0,0.9142,0.7681,0,2.6422,0.641,0,0,1,1,2,0,1,0,1,2,1,1,2,1,0,1,0,0,2,8,2203,520,35.9,6.3,4807,8431.057661,4377820.962
1,31,106,43265.28328,77032,Houston,13151,14266,13626,TEXAS,Harris,"Census Tract 2405.02, Harris County, Texas",10.5812,0.9323,0.24792884,5941,728,2884,73,2104,196,2147,568,294,191,12056,2015,1156,312,148,105,2268,407,479,191,590,180.6,5762,745.8,1515,448.5,1956,286.2,0,19,159,105.1,419,158,0,19,36.5,9.3,10.6,6.4,12056,2015,38.7,8.6,2.5,1.7,38.2,5,8.1,3.3,28,8.2,97,4,31.1,8.1,67.8,9.8,0,1.4,7.6,4.9,19.9,7.5,0,0.3,0.9357,0.8643,0.9753,0.9662,3.7415,0.9767,0.0125,0.991,0.1728,0.9857,2.162,0.5999,0.9616,0.9889,1.9505,0.991,0.9703,0,0.8727,0.8842,0,2.7272,0.6791,1,0,1,1,3,0,1,0,1,2,1,1,2,1,0,0,0,0,1,8,2401,541,40.4,7,1225,4469.357161,864885.4223
1,31,121,43265.28328,77032,Houston,13151,14266,13626,TEXAS,Harris,"Census Tract 2415, Harris County, Texas",10.6334,0.9366,12.84776567,8448,865,3457,128,3137,178,1599,699,380,194,19106,2154,1457,458,688,190,2102,488,1141,315,447,185.2,7460,902.9,761,280.8,1433,254.1,171,115,121,100.6,285,144,21,36,19,7.2,8.5,4,19106,2154,27.2,7.5,8.1,2.2,24.9,5.2,13.5,3.4,14.2,5.8,88.3,5.7,9.7,3.4,41.5,7.2,4.9,3.3,3.9,3.2,9.1,4.6,0.2,0.4,0.7131,0.7756,0.8329,0.8999,3.2215,0.8619,0.117,0.6838,0.5641,0.8173,2.1822,0.6135,0.8974,0.8656,1.763,0.9138,0.9211,0.6988,0.7156,0.6912,0.44,3.4667,0.9256,0,0,0,0,0,0,0,0,0,0,0,0,0,1,0,0,0,0,1,1,2561,589,30.4,6.1,23900,50457.84546,44640845.52
1,31,783,43265.28328,77032,Houston,13151,14266,13626,TEXAS,Harris,"Census Tract 9801, Harris County, Texas",7.5973,0.563,12.2963348,570,147,268,55,228,51,228,125,12,11,17116,5237,19,22,7,10,236,93,6,9,106,47.4,512,154.3,18,52.5,202,59.2,0,13,0,18.4,11,18,0,13,40,18.3,4.1,3.9,17116,5237,7.5,8.7,1.2,1.7,41.4,12.3,1.1,1.6,46.5,18,89.8,14,3.6,10.4,75.4,15.8,0,13.8,0,8.1,4.8,7.6,0,2.3,0.9543,0.3411,0.8842,0.3682,2.5478,0.6804,0.0079,0.996,0.0015,0.9993,2.0047,0.4897,0.907,0.6979,1.6049,0.8394,0.9781,0,0,0.4618,0,1.4399,0.1664,1,0,0,0,1,0,1,0,1,2,1,0,1,1,0,0,0,0,1,5,69,54,12.1,8.8,24416,34678.17894,42719790.93
1,43,66,75163.8283,77044,Houston,48325,56360,50413,TEXAS,Harris,"Census Tract 2311, Harris County, Texas",10.5405,0.9293,4.2700441,4867,599,1600,53,1398,108,1101,453,198,105,15275,2683,1242,251,351,96,1761,439,553,199,174,98.4,4565,614.7,745,234.1,116,80.2,0,13,214,82.9,184,126,19,15,22.6,9.3,10,5.4,15275,2683,46.2,8.3,7.2,2.3,36.2,7.8,11.4,4,12.4,7,93.8,5.1,17.1,5,7.3,5,0,2.5,15.3,5.8,13.2,8.7,0.4,0.3,0.7865,0.8445,0.9249,0.985,3.5409,0.937,0.0847,0.9829,0.4113,0.7555,2.2344,0.6479,0.9342,0.9372,1.8714,0.9626,0.5838,0,0.9609,0.8015,0.5476,2.8938,0.7494,0,0,1,1,2,0,1,0,0,1,1,1,2,0,0,1,0,0,1,6,988,284,20.3,4.8,4792,17105.09856,14899206
1,43,67,75163.8283,77044,Houston,48325,56360,50413,TEXAS,Harris,"Census Tract 2312, Harris County, Texas",10.6958,0.9408,5.36094596,6998,978,2411,42,2191,173,1304,875,290,185,16697,3683,953,346,822,185,2225,677,988,340,477,191.2,6799,991.5,574,262.7,292,146.8,0,19,72,106.7,403,147,40,22,18.6,11.6,9.5,5.9,16697,3683,22.6,7.5,11.7,2.7,31.8,8.6,14.1,4.5,21.8,8.6,97.2,4,8.8,3.8,12.1,6.1,0,1.6,3.3,4.9,18.4,6.7,0.6,0.3,0.703,0.8244,0.8947,0.8417,3.2638,0.8724,0.2885,0.9371,0.6032,0.9525,2.7813,0.9152,0.9638,0.8509,1.8147,0.9378,0.6873,0,0.6658,0.8716,0.6113,2.836,0.7262,0,0,0,0,0,0,1,0,1,2,1,0,1,0,0,0,0,0,0,3,1279,367,18.3,4.6,3377,20726.415,18636161.6
1,43,75,75163.8283,77044,Houston,48325,56360,50413,TEXAS,Harris,"Census Tract 2320, Harris County, Texas",9.9953,0.8772,6.1575713,4632,543,1402,68,1302,96,821,466,214,139,19446,2661,1083,272,546,102,1357,344,687,220,141,86.8,4590,544.5,758,221.6,0,18.4,265,95,216,111,53,41,0,13,17.8,9.5,9.8,5.7,19446,2661,38.5,8,11.8,2.4,29.3,6.6,14.8,4.1,10.8,6.6,99.1,1.8,17.2,4.7,0,1.3,18.9,6.7,16.6,8.4,4.1,3.1,0,0.3,0.6836,0.8375,0.8227,0.9655,3.3093,0.8826,0.2938,0.8805,0.6474,0.6819,2.5036,0.8026,0.9867,0.938,1.9247,0.9825,0,0.8862,0.9672,0.4043,0,2.2577,0.4699,0,0,0,1,1,0,0,0,0,0,1,1,2,0,0,1,0,0,1,4,1398,354,30.2,7.3,3279,21204.64518,21978422.47
1,43,77,75163.8283,77044,Houston,48325,56360,50413,TEXAS,Harris,"Census Tract 2322, Harris County, Texas",7.4965,0.5473,7.65745054,17871,1469,6373,162,6163,243,2537,1613,271,188,39272,6937,1457,802,1345,537,5460,1099,1347,645,621,336.2,13483,1620.9,1737,903.4,2484,487.6,167,133,148,183.2,166,151,0,21,14.2,8.3,3,2,39272,6937,12.7,6.7,7.5,3.1,30.6,5.6,7.5,3.6,10.1,5.4,75.4,6.6,11.1,5.7,39,7.6,2.6,2.1,2.4,3,2.7,2.4,0,0.1,0.5774,0.1943,0.2314,0.6054,1.6085,0.3906,0.0944,0.9143,0.1364,0.6437,1.7888,0.3465,0.828,0.8837,1.7117,0.8897,0.9129,0.635,0.5682,0.2714,0,2.3875,0.5279,0,0,0,0,0,0,1,0,0,1,0,0,0,1,0,0,0,0,1,2,2271,1142,12.7,5.9,6352,30033.24402,26735143.23
1,43,78,75163.8283,77044,Houston,48325,56360,50413,TEXAS,Harris,"Census Tract 2323.01, Harris County, Texas",10.105,0.889,9.9576949,11956,965,3688,116,3392,163,2521,819,373,220,17169,2077,1563,458,548,125,4641,647,917,255,920,243.9,10715,1044.2,1434,404.7,273,164.6,1020,192,274,180.6,180,137,0,21,21.3,6.6,7.6,4.3,17169,2077,24.2,6.7,4.6,1.1,38.8,4.4,7.7,2.2,27.1,7.1,89.6,4.9,13.3,3.6,7.4,4.5,27.7,5,8.1,5.3,5.3,4,0,0.2,0.7625,0.7194,0.8828,0.865,3.2297,0.864,0.0283,0.9925,0.1478,0.9831,2.1517,0.5928,0.9057,0.9075,1.8132,0.937,0.5863,0.9414,0.8838,0.4989,0,2.9104,0.7562,0,0,0,0,0,0,1,0,1,2,1,1,2,0,1,0,0,0,1,5,2724,624,22.8,4.9,4927,32829.38899,34541523.37
1,43,79,75163.8283,77044,Houston,48325,56360,50413,TEXAS,Harris,"Census Tract 2323.02, Harris County, Texas",8.9912,0.7595,4.59904123,11856,917,3372,93,3100,155,1894,670,509,263,20081,1934,1850,563,638,192,3828,539,1077,273,415,146,10898,985.5,1318,469.8,164,76.9,90,66,134,110.9,45,45,0,21,16,5.4,8.7,4.4,20081,1934,26.9,7.5,5.4,1.7,32.3,3.8,9.1,2.2,13.4,4.7,91.9,4.3,12.5,4.3,4.9,2.3,2.7,2,4.3,3.6,1.5,1.4,0,0.2,0.6338,0.7868,0.8046,0.8972,3.1224,0.837,0.0403,0.945,0.2405,0.7924,2.0182,0.4996,0.9211,0.8996,1.8207,0.9406,0.5093,0.6387,0.743,0.1389,0,2.0299,0.3726,0,0,0,0,0,0,1,0,0,1,1,0,1,0,0,0,0,0,0,2,2611,528,22,4.5,6923,17981.87093,15965393.15
1,43,80,75163.8283,77044,Houston,48325,56360,50413,TEXAS,Harris,"Census Tract 2324.01, Harris County, Texas",8.9148,0.7507,5.64319502,8938,714,2896,85,2595,164,1497,574,539,209,23218,2757,1426,306,482,141,2475,423,781,288,244,144.8,8015,912.4,1077,329.3,144,98.9,298,125,74,64.1,87,82,0,19,16.9,6.7,11.8,4.4,23218,2757,26.7,5.5,5.4,1.5,27.7,4.2,8.7,3.3,9.4,5.5,89.7,7.3,13.1,3.8,5,3.4,10.3,4.2,2.9,2.5,3.4,3.1,0,0.2,0.6593,0.8969,0.697,0.895,3.1482,0.8435,0.0403,0.8263,0.2121,0.6025,1.6812,0.2818,0.9062,0.9058,1.812,0.9364,0.5129,0.7927,0.627,0.3408,0,2.2734,0.4769,0,0,0,0,0,0,0,0,0,0,1,1,2,0,0,0,0,0,0,2,2631,511,29.4,5.7,10867,22869.3815,19567401.88
1,43,83,75163.8283,77044,Houston,48325,56360,50413,TEXAS,Harris,"Census Tract 2325, Harris County, Texas",10.5492,0.93,4.41953585,4300,624,975,45,933,63,600,251,70,82,11555,1631,1016,235,543,130,949,337,421,147,234,104,3703,648.1,598,199.5,191,98.3,0,13,102,72.9,55,40,1252,336,19.6,8.4,5.1,5.7,11555,1631,34.7,6.5,12.6,3.1,22.1,7.2,13.7,5,25.1,11,86.1,8.4,15,4.5,19.6,10,0,4,10.9,7.8,5.9,4.2,29.1,6.6,0.7265,0.4732,0.9797,0.9503,3.1297,0.8388,0.3392,0.4867,0.577,0.9753,2.3782,0.7359,0.8854,0.9222,1.8076,0.9345,0.7907,0,0.9261,0.5372,0.9797,3.2337,0.8653,0,0,1,1,2,0,0,0,1,1,0,1,1,0,0,1,0,1,2,6,848,330,27.7,8.7,5491,19895.0044,15375585.84
1,43,127,75163.8283,77044,Houston,48325,56360,50413,TEXAS,Harris,"Census Tract 2504.02, Harris County, Texas",4.8623,0.1536,7.59302981,21495,857,7196,106,7065,146,1273,728,283,185,41989,4156,381,186,1974,421,6797,604,1335,295,643,259.3,9941,1212.7,234,177.4,688,287.6,0,25,117,89.6,164,127,0,25,6,3.4,2.6,1.7,41989,4156,2.8,1.3,9.2,2,31.6,2.5,6.2,1.3,9.1,3.7,46.2,5.3,1.2,0.9,9.6,4,0,0.6,1.7,1.3,2.3,1.8,0,0.1,0.22,0.1454,0.1908,0.0989,0.6551,0.0915,0.1619,0.9334,0.0725,0.5834,1.7512,0.3234,0.654,0.4695,1.1235,0.5886,0.6394,0,0.4656,0.2275,0,1.3325,0.1389,0,0,0,0,0,0,1,0,0,1,0,0,0,0,0,0,0,0,0,1,1398,817,6.5,3.8,10579,32864.22931,29845050.95
1,43,144,75163.8283,77044,Houston,48325,56360,50413,TEXAS,Harris,"Census Tract 2517, Harris County, Texas",7.3187,0.5191,27.58541531,8266,725,3183,95,3005,166,815,383,89,55,27658,3831,734,290,1114,320,2301,531,990,298,384,186.9,1720,991.9,243,190.4,168,125.9,639,194,24,42.5,123,98,0,19,9.9,4.5,2.4,1.5,27658,3831,13.3,5.1,13.5,3.9,27.8,5.9,12,3.6,12.8,6.2,20.8,11.9,3.2,2.5,5.3,4,20.1,6.2,0.8,1.4,4.1,3.2,0,0.2,0.4098,0.1238,0.5316,0.6268,1.692,0.4181,0.3919,0.8303,0.4555,0.7709,2.4486,0.774,0.386,0.6736,1.0596,0.5533,0.5231,0.8959,0.2952,0.4043,0,2.1185,0.4093,0,0,0,0,0,0,0,0,0,0,0,0,0,0,0,0,0,0,0,0,1261,519,15.3,6.3,6321,53988.47922,107221438.5
1,43,146,75163.8283,77044,Houston,48325,56360,50413,TEXAS,Harris,"Census Tract 2519.01, Harris County, Texas",5.5416,0.2432,16.31866821,10259,726,3751,82,3692,108,1051,451,326,163,34895,3734,631,220,991,266,2624,378,651,236,328,153.2,3545,1053.9,63,111.8,0,29.7,259,144,35,47.9,67,85,0,21,10.3,4.5,6.5,3,34895,3734,9.3,3.3,9.7,2.6,25.6,3.2,6.4,2.4,8.9,4.1,34.6,10,0.7,1.2,0,0.8,6.9,3.8,0.9,1.3,1.8,2.3,0,0.2,0.4279,0.6284,0.3177,0.4605,1.8345,0.4628,0.185,0.7239,0.0813,0.5703,1.5605,0.2174,0.5513,0.3656,0.9169,0.4649,0,0.7385,0.319,0.1722,0,1.2297,0.1164,0,0,0,0,0,0,0,0,0,0,0,0,0,0,0,0,0,0,0,0,1160,573,11.4,5.5,3560,34953.29531,70184135.41
1,43,147,75163.8283,77044,Houston,48325,56360,50413,TEXAS,Harris,"Census Tract 2519.02, Harris County, Texas",5.3188,0.2121,6.36667796,6020,320,2189,57,2126,87,221,120,183,128,38296,2866,179,92,991,205,1469,195,715,182,252,128.3,1829,489.9,48,81.5,14,26.2,0,19,23,29.7,54,77,0,19,3.7,2,6.1,4.1,38296,2866,4.3,2.2,16.5,3.3,24.4,3,11.9,3.1,11.9,6,30.4,8,0.9,1.5,0.6,1.2,0,1.8,1.1,1.4,2.5,3.6,0,0.3,0.1015,0.5882,0.2484,0.1839,1.122,0.2333,0.5753,0.6519,0.4483,0.7346,2.4101,0.7531,0.5077,0.4116,0.9193,0.4666,0.2585,0,0.3601,0.2488,0,0.8674,0.0561,0,0,0,0,0,0,0,0,0,0,0,0,0,0,0,0,0,0,0,0,855,339,14.2,5.5,3049,23836.88445,23330861.24
1,43,148,75163.8283,77044,Houston,48325,56360,50413,TEXAS,Harris,"Census Tract 2520, Harris County, Texas",6.0172,0.3138,15.57192532,19799,1765,6726,67,6266,286,1308,1409,483,262,47180,4762,561,327,841,277,5995,1011,1156,357,545,292.8,11657,2020.3,783,380.6,542,261.8,323,166,179,202.9,76,89,0,21,6.6,6.8,4.4,2.3,47180,4762,4.5,2.5,4.2,1.4,30.3,4.3,5.8,1.8,8.7,4.7,58.9,8.7,4.4,2.1,8.1,3.9,4.8,2.5,2.9,3.2,1.2,1.4,0,0.1,0.2499,0.3816,0.1345,0.1957,0.9617,0.1831,0.0241,0.9074,0.0578,0.5564,1.5457,0.2106,0.7385,0.7356,1.4741,0.775,0.6043,0.6964,0.627,0.108,0,2.0357,0.3748,0,0,0,0,0,0,1,0,0,1,0,0,0,0,0,0,0,0,0,1,1678,864,8.5,3.9,8669,46041.25858,74840341.93
1,43,149,75163.8283,77044,Houston,48325,56360,50413,TEXAS,Harris,"Census Tract 2521, Harris County, Texas",7.2598,0.5098,8.95817876,2274,319,758,42,698,57,270,223,53,41,24352,4620,233,108,277,43,500,170,354,125,34,35.5,1301,379.7,181,106.1,0,18.4,137,50,39,30.9,0,13,0,13,12,9.2,4.5,3.3,24352,4620,15.7,6.1,12.2,2,22,6.8,15.6,4.7,4.9,5.1,57.2,14.6,8.6,4.9,0,2.4,18.1,6.4,5.6,4.4,0,5.6,0,0.6,0.498,0.3946,0.6537,0.7008,2.2471,0.5907,0.3164,0.4788,0.6936,0.2589,1.7477,0.3212,0.7281,0.8475,1.5756,0.8253,0,0.8794,0.81,0,0,1.6894,0.242,0,0,0,0,0,0,0,0,0,0,0,0,0,0,0,0,0,0,0,0,476,171,20.9,6.5,1494,26662.98925,33428489.44
1,43,150,75163.8283,77044,Houston,48325,56360,50413,TEXAS,Harris,"Census Tract 2522, Harris County, Texas",9.12,0.7763,8.37974815,9502,827,3533,111,3047,200,566,408,394,212,25063,2875,1254,315,449,178,3239,552,375,164,475,206.5,8174,908.9,639,239,1006,309.1,235,150,150,118.8,43,46,49,41,6,4.4,8,4.5,25063,2875,23.6,5.8,4.7,1.8,34.1,5,3.9,1.7,15.6,6.7,86,6,7.7,2.8,28.5,8.7,6.7,4.2,4.9,3.9,1.4,1.5,0.5,0.4,0.22,0.7466,0.6269,0.8566,2.4501,0.6517,0.0296,0.9679,0.015,0.8554,1.8679,0.3951,0.8848,0.8305,1.7153,0.8913,0.8641,0.7349,0.7766,0.1283,0.5828,3.0867,0.8185,0,0,0,0,0,0,1,0,0,1,0,0,0,0,0,0,0,0,0,1,1836,546,19.3,5.9,6879,22740.65493,28988785.91
1,43,155,75163.8283,77044,Houston,48325,56360,50413,TEXAS,Harris,"Census Tract 2526, Harris County, Texas",10.0688,0.8853,12.90390452,8501,858,2575,158,2375,147,2215,709,404,188,21658,4959,2173,326,771,137,2897,510,630,190,488,171.1,6147,976.9,1567,358,60,68.6,1138,194,366,124.7,77,73,0,19,26.1,7.6,10.7,4.5,21658,4959,44.8,5.8,9.1,1.9,34.1,4.9,7.4,2.2,20.5,7.1,72.3,8.9,19.9,4.1,2.3,2.7,44.2,7.1,15.4,5.2,3.2,3.1,0,0.2,0.8393,0.8673,0.752,0.9824,3.441,0.9137,0.1573,0.9679,0.1306,0.9392,2.195,0.6219,0.8119,0.9535,1.7654,0.9149,0.3977,0.9865,0.9616,0.3216,0,2.6674,0.6525,0,0,0,1,1,0,1,0,1,2,0,1,1,0,1,1,0,0,2,6,2877,631,33.8,6.1,10142,47291.69684,51386170.26
1,64,704,25537.29448,77066,Houston,36442,38429,35489,TEXAS,Harris,"Census Tract 5506.02, Harris County, Texas",7.854,0.6012,0.43346822,3160,246,877,16,866,23,399,201,149,66,19632,2170,562,137,297,54,859,165,291,79,83,41.6,3054,253,402,137.9,0,18.4,0,13,40,34.2,28,23,0,13,12.6,6.4,9.3,3.9,19632,2170,29.2,6.9,9.4,1.7,27.2,4.8,9.2,2.5,9.6,4.8,96.6,2.7,13,4.4,0,2.1,0,4.5,4.6,3.9,3.2,2.6,0,0.4,0.5201,0.8159,0.8173,0.918,3.0713,0.8246,0.1714,0.8045,0.2474,0.6149,1.8382,0.3771,0.9577,0.9048,1.8625,0.9591,0,0,0.7604,0.3216,0,1.082,0.0878,0,0,0,1,1,0,0,0,0,0,1,1,2,0,0,0,0,0,0,3,621,160,19.7,5,3419,5189.64239,1500858.574
1,64,705,25537.29448,77066,Houston,36442,38429,35489,TEXAS,Harris,"Census Tract 5506.03, Harris County, Texas",9.7128,0.8462,0.67151246,6406,545,1773,42,1648,90,1284,449,152,126,19333,2726,1353,319,340,52,1935,244,443,158,275,116.8,6202,558.9,1703,374.1,539,123.1,10,17,160,85.3,45,44,9,6,20.1,6.9,4.6,3.5,19333,2726,36.9,7.7,5.3,0.9,30.2,2.8,6.9,2.2,16.7,7,96.8,2.9,28.1,5.6,30.4,6.9,0.6,1,9.7,5.1,2.7,2.6,0.1,0.1,0.7374,0.4082,0.8262,0.9596,2.9314,0.7879,0.0384,0.905,0.1037,0.881,1.9281,0.4344,0.9596,0.9828,1.9424,0.9887,0.875,0.4741,0.9113,0.2714,0.3791,2.9109,0.7564,0,0,0,1,1,0,1,0,0,1,1,1,2,0,0,1,0,0,1,5,1666,413,26,6.3,2567,7186.572626,2319248.697
1,64,706,25537.29448,77066,Houston,36442,38429,35489,TEXAS,Harris,"Census Tract 5507, Harris County, Texas",8.4244,0.6856,2.3407677,3892,370,1081,26,1051,45,506,267,208,81,24925,4508,600,191,198,58,1071,166,419,149,155,73.4,3630,387.5,503,161,0,18.4,12,16,87,50.2,26,18,0,13,13.1,6.7,9.3,3.8,24925,4508,23.9,6.5,5.1,1.4,27.5,3.4,10.8,3.5,14.7,7,93.3,4.5,14.4,4.4,0,1.7,1.1,1.5,8.3,4.8,2.5,1.7,0,0.3,0.538,0.8159,0.6323,0.8608,2.847,0.7648,0.0351,0.8177,0.3677,0.8319,2.0524,0.5243,0.9307,0.9172,1.8479,0.9531,0,0.5405,0.8878,0.2488,0,1.6771,0.2375,0,0,0,0,0,0,0,0,0,0,1,1,2,0,0,0,0,0,0,2,926,232,23.8,5.3,6331,17765.1912,8116271.445
1,64,707,25537.29448,77066,Houston,36442,38429,35489,TEXAS,Harris,"Census Tract 5508, Harris County, Texas",9.6399,0.8382,0.76847812,3669,264,1037,30,981,44,691,223,205,83,18040,1811,529,156,306,78,1097,186,426,175,173,61.3,3518,280.2,690,210.9,178,68.5,0,13,65,40.3,47,36,0,13,18.8,5.9,10.8,4.4,18040,1811,25,7,8.3,2,29.9,4.6,11.6,4.7,17.6,6.2,95.9,3.3,19.9,5.9,17.2,6.6,0,3.8,6.6,4.1,4.8,3.7,0,0.4,0.7083,0.8703,0.8621,0.8759,3.3166,0.8844,0.1247,0.8975,0.4254,0.8983,2.3459,0.7169,0.9514,0.9535,1.9049,0.9754,0.7643,0,0.8464,0.4618,0,2.0725,0.3898,0,0,0,0,0,0,0,0,0,0,1,1,2,0,0,0,0,0,0,2,829,229,22.6,5.8,2018,7789.393148,2665250.211
1,64,708,25537.29448,77066,Houston,36442,38429,35489,TEXAS,Harris,"Census Tract 5509, Harris County, Texas",8.8944,0.7484,1.22965224,9779,679,2752,88,2618,119,1325,690,489,222,17133,2014,1466,339,864,89,2895,512,1179,401,279,131.2,9081,739.1,1258,354.1,130,92.8,0,19,388,164.5,62,72,0,19,13.5,7,10.6,4.8,17133,2014,25.6,6.1,8.8,1.1,29.6,4.8,12.1,4.2,10.7,5,92.9,3.9,13.6,3.7,4.7,3.4,0,1.4,14.8,6.2,2.4,2.8,0,0.2,0.5528,0.8643,0.8838,0.883,3.1839,0.8525,0.1446,0.8895,0.4635,0.6767,2.1743,0.6083,0.9277,0.9103,1.838,0.9488,0.5022,0,0.9577,0.2383,0,1.6982,0.2449,0,0,0,0,0,0,0,0,0,0,1,1,2,0,0,1,0,0,1,3,2421,678,24.8,6.7,3014,8672.207333,4261633.356
1,64,709,25537.29448,77066,Houston,36442,38429,35489,TEXAS,Harris,"Census Tract 5510, Harris County, Texas",8.3723,0.678,0.42895971,3908,281,934,19,877,46,937,307,249,100,14622,1782,804,159,150,52,1057,152,359,115,115,53.7,3574,311.3,859,176.9,0,18.4,0,13,71,43,14,22,0,13,24,7.7,12.1,4.2,14622,1782,35.8,6.3,3.8,1.3,27,3.4,9.2,2.9,13.1,6.1,91.5,4.5,23.4,4.5,0,2,0,4.2,8.1,4.9,1.6,2.6,0,0.3,0.8092,0.9037,0.9376,0.9554,3.6059,0.9508,0.0205,0.7954,0.2474,0.7818,1.8451,0.3813,0.9184,0.969,1.8874,0.9686,0,0,0.8838,0.1501,0,1.0339,0.0805,0,1,1,1,3,0,0,0,0,0,1,1,2,0,0,0,0,0,0,5,1162,243,29.7,5.5,1938,5830.850824,1480336.348
1,64,710,25537.29448,77066,Houston,36442,38429,35489,TEXAS,Harris,"Census Tract 5511, Harris County, Texas",10.5154,0.9273,1.77973447,10894,1002,3742,89,3476,192,2386,755,476,217,20990,3028,1404,390,1137,206,3100,657,1186,322,525,178.4,10022,1058.8,1619,512.6,1564,310.2,0,21,477,197.8,307,175,89,98,22.1,6.8,8.7,3.8,20990,3028,21.1,5.6,10.4,1.8,28.5,5.4,11,3,15.1,5.1,92,4.8,16.1,4.9,41.8,8.2,0,1.1,13.7,5.6,8.8,5,0.8,0.9,0.7775,0.7868,0.7755,0.8175,3.1573,0.8458,0.2188,0.8559,0.3822,0.8427,2.2996,0.6889,0.9219,0.9304,1.8523,0.955,0.9221,0,0.9507,0.6798,0.6536,3.2062,0.857,0,0,0,0,0,0,0,0,0,0,1,1,2,1,0,1,0,0,2,4,2245,779,20.7,6.4,10224,10871.85085,6190780.571
1,64,711,25537.29448,77066,Houston,36442,38429,35489,TEXAS,Harris,"Census Tract 5512, Harris County, Texas",8.5694,0.7055,1.37836213,7718,759,2790,82,2672,136,1180,716,194,117,28101,4793,794,340,1015,186,2032,407,962,290,454,232.4,4715,1008.5,717,344.1,696,286,0,19,109,98.8,196,134,0,19,15.3,8.8,4.7,2.8,28101,4793,15.5,6.2,13.2,2.8,26.3,4.6,12.5,4,17,8.7,61.1,11.6,10.1,4.7,24.9,10.2,0,1.4,4.1,3.7,7.3,5,0,0.2,0.613,0.4219,0.5155,0.6954,2.2458,0.5904,0.374,0.7613,0.4933,0.8872,2.5158,0.8089,0.7516,0.8712,1.6228,0.8477,0.8393,0,0.73,0.6157,0,2.185,0.4382,0,0,0,0,0,0,0,0,0,0,0,0,0,0,0,0,0,0,0,0,1588,458,20.6,6.1,7616,9769.880669,4767456.553
1,64,712,25537.29448,77066,Houston,36442,38429,35489,TEXAS,Harris,"Census Tract 5513, Harris County, Texas",6.8669,0.4472,0.76699008,4434,561,1233,19,1203,54,319,255,166,111,26255,3692,250,147,371,142,994,336,305,141,97,78.4,3521,584.5,527,344.8,0,18.4,83,55,34,33.6,21,23,8,4,7.2,5.6,6.4,4.1,26255,3692,8.6,4.8,8.4,3.2,22.4,7,6.9,2.8,8.1,6.5,79.4,8.5,12.7,8.2,0,1.5,6.7,4.5,2.8,2.8,1.7,2,0.2,0.1,0.2803,0.6185,0.5836,0.4263,1.9087,0.4871,0.1286,0.5096,0.1037,0.5147,1.2566,0.0997,0.8483,0.9016,1.7499,0.908,0,0.7349,0.6159,0.1609,0.44,1.9517,0.34,0,0,0,0,0,0,0,0,0,0,0,1,1,0,0,0,0,0,0,1,486,235,11,4.6,1720,6765.115911,2671666.487
1,64,713,25537.29448,77066,Houston,36442,38429,35489,TEXAS,Harris,"Census Tract 5514, Harris County, Texas",7.2484,0.5079,3.05585409,5130,536,2121,50,1917,116,508,320,107,62,33263,3672,504,218,669,105,1105,309,573,170,131,66.3,3353,623.7,477,158.8,281,95.2,170,92,55,59.8,34,33,0,19,9.9,6.1,3.9,2.2,33263,3672,13.7,5.5,13,2.1,21.5,5.6,11.2,3.2,6.8,3.4,65.4,10.1,10.3,3.3,13.2,4.5,8,4.3,2.9,3.1,1.8,1.7,0,0.4,0.4098,0.3138,0.3576,0.6408,1.722,0.4269,0.3628,0.4412,0.3964,0.4154,1.6158,0.2454,0.775,0.8738,1.6488,0.8599,0.7062,0.7564,0.627,0.1722,0,2.2618,0.4717,0,0,0,0,0,0,0,0,0,0,0,0,0,0,0,0,0,0,0,0,821,255,16,4.4,11955,13428.15024,10625629.63
1,64,714,25537.29448,77066,Houston,36442,38429,35489,TEXAS,Harris,"Census Tract 5515, Harris County, Texas",8.8002,0.7364,3.82804148,8775,1059,3189,61,2958,175,1185,570,333,243,24449,3651,1043,579,579,169,2238,557,843,330,626,243.8,7655,1146.4,915,532.3,1476,336,149,105,49,46.4,74,64,0,19,13.5,6.3,7.2,4.9,24449,3651,18.9,8.9,6.6,2,25.5,5.6,9.6,3.7,21.2,8.1,87.2,7.7,11.5,6.5,46.3,10.5,4.7,3.3,1.7,1.6,2.5,2.2,0,0.2,0.5528,0.6891,0.6505,0.7762,2.6686,0.7148,0.0672,0.7181,0.2769,0.9466,2.0088,0.4929,0.8912,0.8886,1.7798,0.9219,0.9347,0.6939,0.4656,0.2488,0,2.343,0.509,0,0,0,0,0,0,0,0,1,1,0,0,0,1,0,0,0,0,1,2,1878,734,21.4,7.1,10378,18492.11415,13367377.96
1,64,734,25537.29448,77066,Houston,36442,38429,35489,TEXAS,Harris,"Census Tract 5528, Harris County, Texas",4.7269,0.1372,2.4853602,9371,825,4563,66,4172,251,180,136,314,168,54732,13651,121,135,2224,253,1716,389,839,302,213,166.4,3251,1095.7,52,112.4,1152,346.8,0,19,10,39.8,178,147,0,19,1.9,1.5,6.2,3.4,54732,13651,1.7,1.8,23.7,3.1,18.3,3.8,9,3.2,5.1,4,34.7,11.3,0.6,1.2,25.2,7.6,0,0.9,0.2,1,4.3,3.5,0,0.2,0.0285,0.5985,0.082,0.0469,0.7559,0.1201,0.8903,0.2353,0.2331,0.2756,1.6343,0.2556,0.5527,0.3395,0.8922,0.4503,0.8417,0,0.181,0.4218,0,1.4445,0.1677,0,0,0,0,0,0,0,0,0,0,0,0,0,0,0,0,0,0,0,0,662,599,7.1,6.2,8437,14018.44382,8701458.518
1,64,735,25537.29448,77066,Houston,36442,38429,35489,TEXAS,Harris,"Census Tract 5529, Harris County, Texas",7.1443,0.4914,1.87361092,8878,695,3906,93,3659,187,1211,544,299,187,39673,5249,243,140,1367,252,2535,643,1182,332,380,216.9,4730,836.8,196,140.6,785,236.9,0,19,109,124,81,88,0,19,13.7,6.2,6.6,3.8,39673,5249,4.2,2.4,15.4,2.9,28.6,6.9,13.3,3.5,10.4,5.9,53.3,8.5,2.4,1.7,20.1,6,0,1,3,3.4,2.2,2.4,0,0.2,0.56,0.6375,0.2244,0.1779,1.5998,0.3878,0.5071,0.8593,0.5503,0.6602,2.5769,0.8367,0.7035,0.615,1.3185,0.6938,0.7961,0,0.6373,0.2157,0,1.6491,0.2288,0,0,0,0,0,0,0,0,0,0,0,0,0,0,0,0,0,0,0,0,1201,408,13.5,4.3,6325,10764.89673,6559855.896
1,66,700,19464.95091,77068,Houston,12684,13499,12696,TEXAS,Harris,"Census Tract 5504.01, Harris County, Texas",10.3639,0.9133,3.85208174,14904,1396,5356,89,4911,205,2656,874,679,265,21344,2720,1792,486,583,146,4798,841,1665,423,878,245.4,13822,1433.3,1984,540.2,1724,275.5,599,139,202,126.2,596,194,7,10,18,6.1,8.7,3.6,21344,2720,21.1,5.2,3.9,0.9,32.2,4.8,11.2,2.7,17.9,4.9,92.7,4.1,14.7,3.8,32.2,5.1,11.2,2.6,4.1,2.6,12.1,3.9,0,0.1,0.6884,0.7868,0.763,0.8175,3.0557,0.8204,0.0213,0.9435,0.3964,0.9036,2.2648,0.6672,0.9262,0.9198,1.846,0.9522,0.8845,0.8046,0.73,0.7783,0,3.1974,0.8543,0,0,0,0,0,0,1,0,1,2,1,1,2,0,0,0,0,0,0,4,4090,824,27.4,4.8,4986,16032.63883,13450401.45
1,66,710,19464.95091,77068,Houston,12684,13499,12696,TEXAS,Harris,"Census Tract 5511, Harris County, Texas",10.5154,0.9273,1.77973447,10894,1002,3742,89,3476,192,2386,755,476,217,20990,3028,1404,390,1137,206,3100,657,1186,322,525,178.4,10022,1058.8,1619,512.6,1564,310.2,0,21,477,197.8,307,175,89,98,22.1,6.8,8.7,3.8,20990,3028,21.1,5.6,10.4,1.8,28.5,5.4,11,3,15.1,5.1,92,4.8,16.1,4.9,41.8,8.2,0,1.1,13.7,5.6,8.8,5,0.8,0.9,0.7775,0.7868,0.7755,0.8175,3.1573,0.8458,0.2188,0.8559,0.3822,0.8427,2.2996,0.6889,0.9219,0.9304,1.8523,0.955,0.9221,0,0.9507,0.6798,0.6536,3.2062,0.857,0,0,0,0,0,0,0,0,0,0,1,1,2,1,0,1,0,0,2,4,2245,779,20.7,6.4,10224,10871.85085,6190780.571
1,66,735,19464.95091,77068,Houston,12684,13499,12696,TEXAS,Harris,"Census Tract 5529, Harris County, Texas",7.1443,0.4914,1.87361092,8878,695,3906,93,3659,187,1211,544,299,187,39673,5249,243,140,1367,252,2535,643,1182,332,380,216.9,4730,836.8,196,140.6,785,236.9,0,19,109,124,81,88,0,19,13.7,6.2,6.6,3.8,39673,5249,4.2,2.4,15.4,2.9,28.6,6.9,13.3,3.5,10.4,5.9,53.3,8.5,2.4,1.7,20.1,6,0,1,3,3.4,2.2,2.4,0,0.2,0.56,0.6375,0.2244,0.1779,1.5998,0.3878,0.5071,0.8593,0.5503,0.6602,2.5769,0.8367,0.7035,0.615,1.3185,0.6938,0.7961,0,0.6373,0.2157,0,1.6491,0.2288,0,0,0,0,0,0,0,0,0,0,0,0,0,0,0,0,0,0,0,0,1201,408,13.5,4.3,6325,10764.89673,6559855.896
1,66,736,19464.95091,77068,Houston,12684,13499,12696,TEXAS,Harris,"Census Tract 5530.01, Harris County, Texas",6.6533,0.4137,1.80736393,5786,541,2285,29,2143,93,508,273,122,80,38773,3102,354,260,857,99,998,176,468,138,200,112.7,3292,657.1,373,368.8,364,134.2,42,66,3,21.5,61,72,35,19,8.8,4.4,3.5,2.3,38773,3102,8.5,5.9,14.8,2.3,17.2,2.6,8.1,2.4,9.3,5.2,56.9,10,6.8,6.7,15.9,5.9,1.8,2.9,0.1,1,2.8,3.3,0.6,0.3,0.3592,0.2583,0.2398,0.421,1.2783,0.2841,0.4709,0.1848,0.1728,0.5963,1.4248,0.1562,0.7262,0.811,1.5372,0.8065,0.7474,0.5951,0.1771,0.2821,0.6113,2.413,0.5389,0,0,0,0,0,0,0,0,0,0,0,0,0,0,0,0,0,0,0,0,1031,564,17.8,8.7,4564,10798.266,6334631.627
1,66,737,19464.95091,77068,Houston,12684,13499,12696,TEXAS,Harris,"Census Tract 5530.02, Harris County, Texas",7.9485,0.6153,1.75790966,4834,511,1838,31,1602,117,540,260,194,155,39554,5635,627,200,806,89,958,245,540,225,202,121.6,3609,567.1,701,261.4,423,129.6,0,13,55,63.3,70,76,0,13,11.3,5.3,7.8,5.9,39554,5635,18.6,5.1,16.7,2.7,19.8,4.6,11.2,4.6,12.6,7.5,74.7,8.7,15.4,5.5,23,7,0,2.1,3.4,3.9,4.4,4.6,0,0.3,0.4701,0.7332,0.2262,0.7698,2.1993,0.5764,0.5877,0.3232,0.3964,0.7629,2.0702,0.5366,0.8241,0.9255,1.7496,0.9078,0.824,0,0.675,0.4304,0,1.9294,0.3309,0,0,0,0,0,0,0,0,0,0,0,1,1,0,0,0,0,0,0,1,849,364,17.6,6.6,3631,11483.15658,6208190.663
1,66,738,19464.95091,77068,Houston,12684,13499,12696,TEXAS,Harris,"Census Tract 5531, Harris County, Texas",8.8912,0.748,1.3026483,6118,584,2804,95,2359,196,910,495,121,91,32579,7186,353,172,992,223,1430,220,766,301,365,186.8,4273,706.7,215,177.9,699,262.4,32,51,107,122,121,82,27,11,14.9,8,3.9,2.9,32579,7186,9,4.3,16.2,3.3,23.4,2.8,12.6,4.8,15.5,7.8,69.8,9.4,3.6,3,24.9,9.3,1.1,1.8,4.5,5.2,5.1,3.5,0.4,0.2,0.5999,0.3138,0.375,0.4458,1.7345,0.4313,0.5566,0.5832,0.5008,0.8529,2.4935,0.7978,0.7986,0.6979,1.4965,0.7861,0.8393,0.5405,0.7545,0.4848,0.5476,3.1667,0.8448,0,0,0,0,0,0,0,0,0,0,0,0,0,0,0,0,0,0,0,0,1112,423,18.2,6.4,5562,9302.470428,4546877.541
1,66,745,19464.95091,77068,Houston,12684,13499,12696,TEXAS,Harris,"Census Tract 5536, Harris County, Texas",6.2565,0.3502,1.85795873,8097,511,3083,37,2938,126,442,257,277,162,39756,3939,209,125,728,210,1993,302,554,176,197,135.1,3317,706.6,249,161.1,1000,236.9,19,31,13,29.1,108,88,36,16,5.5,3.2,6.1,3.3,39756,3939,3.9,2.3,9,2.7,24.6,3.4,6.9,2.3,6.7,4.6,41,8.3,3.2,2.1,32.4,7.7,0.6,1,0.4,1,3.7,3,0.4,0.2,0.1942,0.5882,0.2229,0.1601,1.1654,0.2472,0.153,0.6652,0.1037,0.4073,1.3292,0.121,0.6124,0.6736,1.286,0.6775,0.8853,0.4741,0.1999,0.369,0.5476,2.4759,0.5683,0,0,0,0,0,0,0,0,0,0,0,0,0,0,0,0,0,0,0,0,884,386,11,4.7,4753,11912.25122,6534368.666
1,66,746,19464.95091,77068,Houston,12684,13499,12696,TEXAS,Harris,"Census Tract 5537, Harris County, Texas",7.1177,0.4871,1.21318808,4242,440,1664,36,1473,118,679,358,139,105,39062,5878,263,112,593,155,1124,218,480,161,48,46.6,2023,551.2,240,174.6,514,140.6,0,13,156,110.6,30,28,0,13,16,8.4,6.3,4.4,39062,5878,9.2,4.1,14,3.9,26.5,4.3,11.3,3.6,3.3,3.2,47.7,12,6,4.3,30.9,8.4,0,2.4,10.6,7.5,2,1.9,0,0.3,0.6338,0.6084,0.2349,0.4557,1.9328,0.4947,0.4216,0.7716,0.4038,0.1382,1.7352,0.3134,0.6652,0.7908,1.456,0.7656,0.8777,0,0.9229,0.1931,0,1.9937,0.3578,0,0,0,0,0,0,0,0,0,0,0,0,0,0,0,1,0,0,1,1,577,263,13.6,5.8,2493,9803.33406,4203965.805
1,67,710,21593.57252,77069,Houston,17462,18479,18103,TEXAS,Harris,"Census Tract 5511, Harris County, Texas",10.5154,0.9273,1.77973447,10894,1002,3742,89,3476,192,2386,755,476,217,20990,3028,1404,390,1137,206,3100,657,1186,322,525,178.4,10022,1058.8,1619,512.6,1564,310.2,0,21,477,197.8,307,175,89,98,22.1,6.8,8.7,3.8,20990,3028,21.1,5.6,10.4,1.8,28.5,5.4,11,3,15.1,5.1,92,4.8,16.1,4.9,41.8,8.2,0,1.1,13.7,5.6,8.8,5,0.8,0.9,0.7775,0.7868,0.7755,0.8175,3.1573,0.8458,0.2188,0.8559,0.3822,0.8427,2.2996,0.6889,0.9219,0.9304,1.8523,0.955,0.9221,0,0.9507,0.6798,0.6536,3.2062,0.857,0,0,0,0,0,0,0,0,0,0,1,1,2,1,0,1,0,0,2,4,2245,779,20.7,6.4,10224,10871.85085,6190780.571
1,67,711,21593.57252,77069,Houston,17462,18479,18103,TEXAS,Harris,"Census Tract 5512, Harris County, Texas",8.5694,0.7055,1.37836213,7718,759,2790,82,2672,136,1180,716,194,117,28101,4793,794,340,1015,186,2032,407,962,290,454,232.4,4715,1008.5,717,344.1,696,286,0,19,109,98.8,196,134,0,19,15.3,8.8,4.7,2.8,28101,4793,15.5,6.2,13.2,2.8,26.3,4.6,12.5,4,17,8.7,61.1,11.6,10.1,4.7,24.9,10.2,0,1.4,4.1,3.7,7.3,5,0,0.2,0.613,0.4219,0.5155,0.6954,2.2458,0.5904,0.374,0.7613,0.4933,0.8872,2.5158,0.8089,0.7516,0.8712,1.6228,0.8477,0.8393,0,0.73,0.6157,0,2.185,0.4382,0,0,0,0,0,0,0,0,0,0,0,0,0,0,0,0,0,0,0,0,1588,458,20.6,6.1,7616,9769.880669,4767456.553
1,67,713,21593.57252,77069,Houston,17462,18479,18103,TEXAS,Harris,"Census Tract 5514, Harris County, Texas",7.2484,0.5079,3.05585409,5130,536,2121,50,1917,116,508,320,107,62,33263,3672,504,218,669,105,1105,309,573,170,131,66.3,3353,623.7,477,158.8,281,95.2,170,92,55,59.8,34,33,0,19,9.9,6.1,3.9,2.2,33263,3672,13.7,5.5,13,2.1,21.5,5.6,11.2,3.2,6.8,3.4,65.4,10.1,10.3,3.3,13.2,4.5,8,4.3,2.9,3.1,1.8,1.7,0,0.4,0.4098,0.3138,0.3576,0.6408,1.722,0.4269,0.3628,0.4412,0.3964,0.4154,1.6158,0.2454,0.775,0.8738,1.6488,0.8599,0.7062,0.7564,0.627,0.1722,0,2.2618,0.4717,0,0,0,0,0,0,0,0,0,0,0,0,0,0,0,0,0,0,0,0,821,255,16,4.4,11955,13428.15024,10625629.63
1,67,733,21593.57252,77069,Houston,17462,18479,18103,TEXAS,Harris,"Census Tract 5527, Harris County, Texas",8.2774,0.6642,1.91885204,8620,1061,4225,248,3746,361,854,461,227,159,36104,5754,199,121,1440,341,1810,485,1355,406,330,192.9,4731,1246.9,378,287.6,1959,449.2,19,30,62,79.3,407,178,92,55,10.1,5.2,4.9,3.3,36104,5754,3.2,2,16.7,4.7,21,5,15.8,4.7,8.8,5.1,54.9,12.8,4.6,3.4,46.4,10.3,0.4,0.7,1.7,2.1,10.9,4.6,1.1,0.6,0.4188,0.4473,0.2915,0.12,1.2776,0.2838,0.5877,0.4036,0.7051,0.5635,2.2599,0.6639,0.7144,0.7442,1.4586,0.7672,0.9351,0.436,0.4656,0.7474,0.6972,3.2813,0.8794,0,0,0,0,0,0,0,0,0,0,0,0,0,1,0,0,0,0,1,1,868,431,10.2,5,10201,11960.37223,6719628.399
1,67,734,21593.57252,77069,Houston,17462,18479,18103,TEXAS,Harris,"Census Tract 5528, Harris County, Texas",4.7269,0.1372,2.4853602,9371,825,4563,66,4172,251,180,136,314,168,54732,13651,121,135,2224,253,1716,389,839,302,213,166.4,3251,1095.7,52,112.4,1152,346.8,0,19,10,39.8,178,147,0,19,1.9,1.5,6.2,3.4,54732,13651,1.7,1.8,23.7,3.1,18.3,3.8,9,3.2,5.1,4,34.7,11.3,0.6,1.2,25.2,7.6,0,0.9,0.2,1,4.3,3.5,0,0.2,0.0285,0.5985,0.082,0.0469,0.7559,0.1201,0.8903,0.2353,0.2331,0.2756,1.6343,0.2556,0.5527,0.3395,0.8922,0.4503,0.8417,0,0.181,0.4218,0,1.4445,0.1677,0,0,0,0,0,0,0,0,0,0,0,0,0,0,0,0,0,0,0,0,662,599,7.1,6.2,8437,14018.44382,8701458.518
1,67,735,21593.57252,77069,Houston,17462,18479,18103,TEXAS,Harris,"Census Tract 5529, Harris County, Texas",7.1443,0.4914,1.87361092,8878,695,3906,93,3659,187,1211,544,299,187,39673,5249,243,140,1367,252,2535,643,1182,332,380,216.9,4730,836.8,196,140.6,785,236.9,0,19,109,124,81,88,0,19,13.7,6.2,6.6,3.8,39673,5249,4.2,2.4,15.4,2.9,28.6,6.9,13.3,3.5,10.4,5.9,53.3,8.5,2.4,1.7,20.1,6,0,1,3,3.4,2.2,2.4,0,0.2,0.56,0.6375,0.2244,0.1779,1.5998,0.3878,0.5071,0.8593,0.5503,0.6602,2.5769,0.8367,0.7035,0.615,1.3185,0.6938,0.7961,0,0.6373,0.2157,0,1.6491,0.2288,0,0,0,0,0,0,0,0,0,0,0,0,0,0,0,0,0,0,0,0,1201,408,13.5,4.3,6325,10764.89673,6559855.896
1,67,736,21593.57252,77069,Houston,17462,18479,18103,TEXAS,Harris,"Census Tract 5530.01, Harris County, Texas",6.6533,0.4137,1.80736393,5786,541,2285,29,2143,93,508,273,122,80,38773,3102,354,260,857,99,998,176,468,138,200,112.7,3292,657.1,373,368.8,364,134.2,42,66,3,21.5,61,72,35,19,8.8,4.4,3.5,2.3,38773,3102,8.5,5.9,14.8,2.3,17.2,2.6,8.1,2.4,9.3,5.2,56.9,10,6.8,6.7,15.9,5.9,1.8,2.9,0.1,1,2.8,3.3,0.6,0.3,0.3592,0.2583,0.2398,0.421,1.2783,0.2841,0.4709,0.1848,0.1728,0.5963,1.4248,0.1562,0.7262,0.811,1.5372,0.8065,0.7474,0.5951,0.1771,0.2821,0.6113,2.413,0.5389,0,0,0,0,0,0,0,0,0,0,0,0,0,0,0,0,0,0,0,0,1031,564,17.8,8.7,4564,10798.266,6334631.627
1,67,750,21593.57252,77069,Houston,17462,18479,18103,TEXAS,Harris,"Census Tract 5540.01, Harris County, Texas",7.6946,0.5775,1.2837988,3332,359,1553,56,1299,116,46,36,77,75,44658,6543,116,84,592,127,808,179,459,120,194,102.9,1619,437.5,239,154,807,167.2,13,20,49,60.7,70,45,0,13,1.4,1.1,4.6,4.3,44658,6543,5.1,3.5,17.8,4.3,24.2,4.7,13.8,3.6,14.9,7.8,48.6,12,7.5,4.8,52,10.6,0.8,1.3,3.8,4.7,5.4,3.3,0,0.4,0.0161,0.4082,0.1593,0.2305,0.8141,0.1373,0.654,0.6384,0.5836,0.8373,2.7133,0.8924,0.6715,0.8266,1.4981,0.7868,0.9473,0.5088,0.7075,0.5055,0,2.6691,0.6532,0,0,0,0,0,0,0,0,0,0,0,0,0,1,0,0,0,0,1,1,488,245,14.6,6.6,5894,9203.155747,4463668.204
1,67,751,21593.57252,77069,Houston,17462,18479,18103,TEXAS,Harris,"Census Tract 5540.02, Harris County, Texas",3.3499,0.0285,1.64876867,4279,245,1574,25,1513,56,203,120,51,41,66384,6885,66,49,885,96,992,124,378,95,30,27.3,719,327.3,64,70.6,0,18.4,0,13,23,30,0,13,0,13,4.8,2.8,2.6,2.1,66384,6885,2.2,1.6,20.7,2.5,23.2,2.6,8.8,2.1,2,1.8,16.8,7.6,1.6,1.7,0,1.2,0,2.5,1.5,2,0,2.6,0,0.3,0.1577,0.1454,0.0423,0.0691,0.4145,0.0351,0.7987,0.5681,0.2189,0.0654,1.6511,0.2649,0.3232,0.5286,0.8518,0.4255,0,0,0.4325,0,0,0.4325,0.0178,0,0,0,0,0,0,0,0,0,0,0,0,0,0,0,0,0,0,0,0,188,97,4.4,2.3,3107,9908.086698,5817489.504
1,68,713,45790.84012,77070,Houston,54515,58111,52604,TEXAS,Harris,"Census Tract 5514, Harris County, Texas",7.2484,0.5079,3.05585409,5130,536,2121,50,1917,116,508,320,107,62,33263,3672,504,218,669,105,1105,309,573,170,131,66.3,3353,623.7,477,158.8,281,95.2,170,92,55,59.8,34,33,0,19,9.9,6.1,3.9,2.2,33263,3672,13.7,5.5,13,2.1,21.5,5.6,11.2,3.2,6.8,3.4,65.4,10.1,10.3,3.3,13.2,4.5,8,4.3,2.9,3.1,1.8,1.7,0,0.4,0.4098,0.3138,0.3576,0.6408,1.722,0.4269,0.3628,0.4412,0.3964,0.4154,1.6158,0.2454,0.775,0.8738,1.6488,0.8599,0.7062,0.7564,0.627,0.1722,0,2.2618,0.4717,0,0,0,0,0,0,0,0,0,0,0,0,0,0,0,0,0,0,0,0,821,255,16,4.4,11955,13428.15024,10625629.63
1,68,714,45790.84012,77070,Houston,54515,58111,52604,TEXAS,Harris,"Census Tract 5515, Harris County, Texas",8.8002,0.7364,3.82804148,8775,1059,3189,61,2958,175,1185,570,333,243,24449,3651,1043,579,579,169,2238,557,843,330,626,243.8,7655,1146.4,915,532.3,1476,336,149,105,49,46.4,74,64,0,19,13.5,6.3,7.2,4.9,24449,3651,18.9,8.9,6.6,2,25.5,5.6,9.6,3.7,21.2,8.1,87.2,7.7,11.5,6.5,46.3,10.5,4.7,3.3,1.7,1.6,2.5,2.2,0,0.2,0.5528,0.6891,0.6505,0.7762,2.6686,0.7148,0.0672,0.7181,0.2769,0.9466,2.0088,0.4929,0.8912,0.8886,1.7798,0.9219,0.9347,0.6939,0.4656,0.2488,0,2.343,0.509,0,0,0,0,0,0,0,0,1,1,0,0,0,1,0,0,0,0,1,2,1878,734,21.4,7.1,10378,18492.11415,13367377.96
1,68,715,45790.84012,77070,Houston,54515,58111,52604,TEXAS,Harris,"Census Tract 5516, Harris County, Texas",9.1397,0.7788,1.17995783,9294,738,2862,37,2780,86,1051,503,348,196,22152,2578,1083,303,976,194,2213,438,564,192,355,150.8,6874,855.6,1083,374.1,309,136.9,9,15,235,116.7,85,83,252,129,11.7,5.5,6.8,3.6,22152,2578,17.5,4.8,10.5,1.8,23.8,4.3,6.2,2.1,12.8,5.4,74,7.1,12.1,4.1,10.8,4.8,0.3,0.5,8.5,4.2,3.1,3,2.7,1.4,0.4859,0.6555,0.7354,0.7457,2.6225,0.7016,0.2236,0.6115,0.0725,0.7709,1.6785,0.2803,0.8204,0.8953,1.7157,0.8915,0.6637,0.4282,0.8915,0.312,0.8276,3.123,0.8302,0,0,0,0,0,0,0,0,0,0,0,0,0,0,0,0,0,0,0,0,2383,659,26.4,6.8,5274,10437.71362,4085595.681
1,68,728,45790.84012,77070,Houston,54515,58111,52604,TEXAS,Harris,"Census Tract 5523.02, Harris County, Texas",7.4591,0.5419,1.40068578,4450,518,2295,67,1961,180,601,281,92,108,35609,5464,226,141,516,132,1005,297,193,107,266,131.5,2104,645.4,286,170.4,825,228.4,70,87,49,57.3,219,119,0,13,13.5,6.1,3.6,4.3,35609,5464,7,4.4,11.6,3.3,22.6,6.1,4.3,2.3,13.6,6.6,47.3,13.4,6.9,4.1,35.9,9.9,3.1,3.8,2.5,2.9,11.2,6.1,0,0.3,0.5528,0.2724,0.3016,0.3402,1.467,0.3443,0.2828,0.5243,0.0206,0.7986,1.6263,0.2512,0.662,0.8132,1.4752,0.7755,0.9012,0.6525,0.5814,0.7555,0,2.8906,0.7481,0,0,0,0,0,0,0,0,0,0,0,0,0,1,0,0,0,0,1,1,568,260,12.8,5.5,3746,9324.428817,4881516.642
1,68,729,45790.84012,77070,Houston,54515,58111,52604,TEXAS,Harris,"Census Tract 5524, Harris County, Texas",9.1808,0.7837,2.36021875,7709,646,2914,37,2775,135,576,360,254,159,27578,3766,974,400,1001,207,2261,563,818,227,454,201.7,4919,839.4,420,226.8,736,235.4,107,85,159,143.9,175,128,0,19,7.5,4.8,6.7,4.4,27578,3766,19.6,7.4,13,2.6,29.3,6.9,10.6,2.9,16.4,7.2,63.8,9.5,5.9,3.2,25.3,8.1,3.7,2.9,5.7,5.2,6.3,4.6,0,0.2,0.2955,0.6468,0.5347,0.7911,2.2681,0.5975,0.3628,0.8805,0.3526,0.8747,2.4706,0.7854,0.7666,0.7879,1.5545,0.815,0.8424,0.6696,0.8139,0.5617,0,2.8876,0.7469,0,0,0,0,0,0,0,0,0,0,0,0,0,0,0,0,0,0,0,0,860,383,11.2,4.7,7698,11475.1513,8167983.221
1,68,730,45790.84012,77070,Houston,54515,58111,52604,TEXAS,Harris,"Census Tract 5525, Harris County, Texas",8.0701,0.6332,2.11074164,11478,808,4023,35,3556,182,1466,766,358,230,26919,3968,889,379,948,165,3564,531,803,240,867,261.3,7824,890.4,1154,478.1,476,172.9,0,21,216,139.5,47,44,8,4,12.8,6.4,5.9,3.6,26919,3968,12.9,5.2,8.3,1.4,31.1,4.1,7,2.1,24.4,7.2,68.2,6.1,10.6,4.3,11.8,4.3,0,1,6.1,3.9,1.3,1.2,0.1,0,0.5271,0.567,0.5582,0.6119,2.2642,0.5961,0.1247,0.924,0.1087,0.9716,2.129,0.5767,0.7907,0.8778,1.6685,0.8695,0.6823,0,0.8291,0.1179,0.3791,2.0084,0.3639,0,0,0,0,0,0,1,0,1,2,0,0,0,0,0,0,0,0,0,2,2369,603,20.6,4.9,4837,11794.50001,7303911.116
1,68,731,45790.84012,77070,Houston,54515,58111,52604,TEXAS,Harris,"Census Tract 5526.01, Harris County, Texas",9.1629,0.7815,1.12429389,5959,642,2380,46,2218,143,1342,637,198,125,21212,3301,273,149,425,123,1871,389,482,156,731,185.8,4404,788.6,428,200.6,1349,227.3,0,19,101,106.7,179,118,5,3,22.6,9.5,6.5,4,21212,3301,8.1,4.2,7.1,2.1,31.4,5.6,8.1,2.7,33,8.1,73.9,10.6,7.9,3.6,56.7,9.5,0,1.7,4.6,4.8,8.1,5.3,0.1,0,0.7865,0.6284,0.7677,0.4002,2.5828,0.6902,0.0814,0.9294,0.1728,0.9947,2.1783,0.6111,0.82,0.8348,1.6548,0.8628,0.9552,0,0.7604,0.6523,0.3791,2.747,0.6877,0,0,0,0,0,0,1,0,1,2,0,0,0,1,0,0,0,0,1,3,873,398,14.7,6.1,8210,9942.279367,3882709.919
1,68,732,45790.84012,77070,Houston,54515,58111,52604,TEXAS,Harris,"Census Tract 5526.02, Harris County, Texas",6.2704,0.3525,2.01336054,6964,546,3344,48,3125,153,370,304,301,151,43823,6184,79,68,901,225,1298,342,770,227,205,113.2,3076,772.9,211,143,1724,264.8,0,19,98,95.3,55,52,83,102,5.4,4.4,7,3.5,43823,6184,1.6,1.4,12.9,3,18.6,4.7,11.2,3.4,6.6,3.6,44.2,10.5,3.3,2.2,51.6,7.9,0,1.2,3.1,3,1.8,1.7,1.2,1.5,0.1887,0.6726,0.1681,0.0431,1.0725,0.2179,0.3569,0.251,0.3964,0.3994,1.4037,0.1477,0.6384,0.6799,1.3183,0.6937,0.9465,0,0.6475,0.1722,0.7097,2.4759,0.5683,0,0,0,0,0,0,0,0,0,0,0,0,0,1,0,0,0,0,1,1,684,247,9.9,3.5,4950,13308.42963,6970164.447
1,68,733,45790.84012,77070,Houston,54515,58111,52604,TEXAS,Harris,"Census Tract 5527, Harris County, Texas",8.2774,0.6642,1.91885204,8620,1061,4225,248,3746,361,854,461,227,159,36104,5754,199,121,1440,341,1810,485,1355,406,330,192.9,4731,1246.9,378,287.6,1959,449.2,19,30,62,79.3,407,178,92,55,10.1,5.2,4.9,3.3,36104,5754,3.2,2,16.7,4.7,21,5,15.8,4.7,8.8,5.1,54.9,12.8,4.6,3.4,46.4,10.3,0.4,0.7,1.7,2.1,10.9,4.6,1.1,0.6,0.4188,0.4473,0.2915,0.12,1.2776,0.2838,0.5877,0.4036,0.7051,0.5635,2.2599,0.6639,0.7144,0.7442,1.4586,0.7672,0.9351,0.436,0.4656,0.7474,0.6972,3.2813,0.8794,0,0,0,0,0,0,0,0,0,0,0,0,0,1,0,0,0,0,1,1,868,431,10.2,5,10201,11960.37223,6719628.399
1,68,734,45790.84012,77070,Houston,54515,58111,52604,TEXAS,Harris,"Census Tract 5528, Harris County, Texas",4.7269,0.1372,2.4853602,9371,825,4563,66,4172,251,180,136,314,168,54732,13651,121,135,2224,253,1716,389,839,302,213,166.4,3251,1095.7,52,112.4,1152,346.8,0,19,10,39.8,178,147,0,19,1.9,1.5,6.2,3.4,54732,13651,1.7,1.8,23.7,3.1,18.3,3.8,9,3.2,5.1,4,34.7,11.3,0.6,1.2,25.2,7.6,0,0.9,0.2,1,4.3,3.5,0,0.2,0.0285,0.5985,0.082,0.0469,0.7559,0.1201,0.8903,0.2353,0.2331,0.2756,1.6343,0.2556,0.5527,0.3395,0.8922,0.4503,0.8417,0,0.181,0.4218,0,1.4445,0.1677,0,0,0,0,0,0,0,0,0,0,0,0,0,0,0,0,0,0,0,0,662,599,7.1,6.2,8437,14018.44382,8701458.518
1,68,751,45790.84012,77070,Houston,54515,58111,52604,TEXAS,Harris,"Census Tract 5540.02, Harris County, Texas",3.3499,0.0285,1.64876867,4279,245,1574,25,1513,56,203,120,51,41,66384,6885,66,49,885,96,992,124,378,95,30,27.3,719,327.3,64,70.6,0,18.4,0,13,23,30,0,13,0,13,4.8,2.8,2.6,2.1,66384,6885,2.2,1.6,20.7,2.5,23.2,2.6,8.8,2.1,2,1.8,16.8,7.6,1.6,1.7,0,1.2,0,2.5,1.5,2,0,2.6,0,0.3,0.1577,0.1454,0.0423,0.0691,0.4145,0.0351,0.7987,0.5681,0.2189,0.0654,1.6511,0.2649,0.3232,0.5286,0.8518,0.4255,0,0,0.4325,0,0,0.4325,0.0178,0,0,0,0,0,0,0,0,0,0,0,0,0,0,0,0,0,0,0,0,188,97,4.4,2.3,3107,9908.086698,5817489.504
1,68,753,45790.84012,77070,Houston,54515,58111,52604,TEXAS,Harris,"Census Tract 5541.02, Harris County, Texas",5.013,0.1715,1.73912696,9691,486,3365,35,3274,100,466,303,288,152,38209,3868,258,138,972,176,2221,187,1227,401,273,108.5,4186,616.3,348,223.8,0,26.9,0,19,133,107.7,39,45,0,19,4.8,3.1,5.2,2.6,38209,3868,3.8,2,10,1.6,22.9,1.6,12.7,3.8,8.3,3.3,43.2,6,3.9,2.5,0,0.8,0,1.2,4.1,3.3,1.2,1.4,0,0.2,0.1577,0.4859,0.25,0.1545,1.0481,0.2102,0.1985,0.547,0.5082,0.5294,1.7831,0.3428,0.6303,0.7135,1.3438,0.7072,0,0,0.73,0.108,0,0.838,0.0528,0,0,0,0,0,0,0,0,0,0,0,0,0,0,0,0,0,0,0,0,1123,328,11.6,3.3,4521,10377.6987,6032059.979
1,68,754,45790.84012,77070,Houston,54515,58111,52604,TEXAS,Harris,"Census Tract 5542, Harris County, Texas",7.2579,0.5096,2.71337312,9310,1161,3708,174,3586,203,885,545,243,144,39425,5976,541,281,857,213,2383,565,993,298,283,145.8,4659,1304.1,735,408.9,1159,281.4,73,47,189,120.6,77,74,0,19,9.5,5.5,4.7,2.9,39425,5976,9.1,4.1,9.2,2.5,25.6,5.2,10.7,3.4,7.9,4,50,12.5,8.7,4.7,31.3,7.4,2,1.3,5.3,3.3,2.1,2.1,0,0.2,0.3923,0.4219,0.2286,0.4507,1.4935,0.3527,0.1619,0.7239,0.36,0.5,1.7458,0.3204,0.6816,0.8492,1.5308,0.8033,0.8797,0.6069,0.797,0.2042,0,2.4878,0.5732,0,0,0,0,0,0,0,0,0,0,0,0,0,0,0,0,0,0,0,0,1534,580,16.5,5.1,8895,14001.85658,9561789.745
1,68,755,45790.84012,77070,Houston,54515,58111,52604,TEXAS,Harris,"Census Tract 5543.01, Harris County, Texas",4.4417,0.1076,2.112554,7536,893,2782,44,2635,117,190,161,273,114,50125,10667,149,92,1376,202,1802,501,969,264,222,135.8,2091,1229.4,10,75.8,26,32.2,0,19,12,27.6,0,19,0,19,2.5,2.2,6.8,2.9,50125,10667,2.8,1.7,18.3,3.2,23.9,6,12.9,2.8,8.4,5.1,27.7,16,0.1,1,0.9,1.2,0,1.4,0.5,1,0,1.5,0,0.3,0.049,0.6555,0.1108,0.0989,0.9142,0.168,0.6826,0.6187,0.5224,0.5362,2.3599,0.7252,0.4764,0.1777,0.6541,0.3145,0.2956,0,0.2179,0,0,0.5135,0.023,0,0,0,0,0,0,0,0,0,0,0,0,0,0,0,0,0,0,0,0,527,302,7,3.6,13551,12925.40394,7471060.039
1,68,756,45790.84012,77070,Houston,54515,58111,52604,TEXAS,Harris,"Census Tract 5543.02, Harris County, Texas",5.0433,0.1755,2.28400183,4946,459,1760,59,1538,134,191,154,65,44,43680,6153,134,82,593,90,1508,309,460,142,173,108.8,2119,630.3,68,69.6,180,94.8,0,13,26,29,0,13,0,13,3.9,3,2.6,1.7,43680,6153,4.3,2.6,12,1.9,30.5,5.6,9.3,3,11.2,7,42.8,12.1,1.5,1.5,10.2,5.4,0,2.2,1.7,1.9,0,2.6,0,0.3,0.111,0.1454,0.1698,0.1839,0.6101,0.0792,0.3048,0.9118,0.2547,0.7016,2.1729,0.6072,0.6274,0.5153,1.1427,0.5987,0.652,0,0.4656,0,0,1.1176,0.0947,0,0,0,0,0,0,1,0,0,1,0,0,0,0,0,0,0,0,0,1,482,259,9.7,5.1,3114,14086.89728,7993634.346
1,68,761,45790.84012,77070,Houston,54515,58111,52604,TEXAS,Harris,"Census Tract 5545.02, Harris County, Texas",3.0999,0.0181,1.78473101,6474,419,2215,34,2159,75,58,89,120,117,57991,7228,67,65,684,74,1850,269,363,175,155,91.7,1373,625.9,20,79.8,0,26.9,19,30,0,26.9,0,19,0,19,0.9,1.4,3.4,3.2,57991,7228,1.6,1.5,10.6,1.2,28.6,3.7,5.6,2.7,7.2,4.2,21.2,9.6,0.3,1.3,0,1.2,0.9,1.3,0,1.2,0,1.8,0,0.3,0.0074,0.2452,0.0674,0.0431,0.3631,0.0255,0.2284,0.8593,0.0516,0.4476,1.5869,0.2302,0.3913,0.2381,0.6294,0.3006,0,0.5205,0,0,0,0.5205,0.0235,0,0,0,0,0,0,0,0,0,0,0,0,0,0,0,0,0,0,0,0,297,192,4.6,2.9,2972,12194.77012,6218229.442
1,68,763,45790.84012,77070,Houston,54515,58111,52604,TEXAS,Harris,"Census Tract 5547, Harris County, Texas",3.9662,0.0652,1.77449043,8339,427,3190,46,3080,105,294,186,168,101,41465,2982,115,79,960,178,2251,203,608,185,157,101,2595,624,0,76,699,190.6,0,19,44,46.1,36,45,0,19,3.5,2.2,3.7,2.2,41465,2982,2.1,1.5,11.5,2.1,27,2,7.3,2.2,5.1,3.3,31.1,7.3,0,1,21.9,6,0,1.2,1.4,1.5,1.2,1.5,0,0.2,0.0925,0.2862,0.1974,0.0648,0.6409,0.0876,0.2771,0.7954,0.1245,0.2756,1.4726,0.1766,0.5147,0,0.5147,0.2393,0.8144,0,0.4156,0.108,0,1.338,0.1403,0,0,0,0,0,0,0,0,0,0,0,0,0,0,0,0,0,0,0,0,459,227,5.5,2.7,5859,11343.18254,6146855.307
1,68,764,45790.84012,77070,Houston,54515,58111,52604,TEXAS,Harris,"Census Tract 5548.01, Harris County, Texas",7.4046,0.5337,5.51273926,17427,1657,5513,124,5321,230,1497,934,614,287,29639,3906,1245,383,903,206,4938,767,1847,800,281,164.9,9863,1985.6,707,325.4,196,167.2,270,205,111,109,161,200,30,13,8.6,5.1,6.2,2.7,29639,3906,11.7,3.4,5.2,1.2,28.3,3.5,10.6,4.2,5.3,3.1,56.6,10,4.5,2,3.6,3,4.9,3.7,2.1,2,3,3.7,0.2,0.1,0.3498,0.5985,0.4634,0.5673,1.979,0.5089,0.0366,0.8488,0.3526,0.293,1.531,0.2033,0.7242,0.7401,1.4643,0.77,0.4608,0.6988,0.5281,0.3026,0.44,2.4303,0.547,0,0,0,0,0,0,0,0,0,0,0,0,0,0,0,0,0,0,0,0,3129,960,18,5.2,7919,20069.42493,19216688.53
1,68,765,45790.84012,77070,Houston,54515,58111,52604,TEXAS,Harris,"Census Tract 5548.02, Harris County, Texas",5.7143,0.2676,12.92573974,20804,928,6965,157,6517,252,586,571,592,284,49215,4556,605,312,2142,300,6797,598,1683,538,340,202.5,7340,1425.5,359,231.9,203,161.3,445,248,84,96.3,12,20,31,30,2.8,2.8,6.4,2.9,49215,4556,4.7,2.4,10.3,1.4,32.7,2.5,8.1,2.5,5.2,3.1,35.3,6.7,1.9,1.2,2.9,2.3,6.4,3.5,1.3,1.5,0.2,0.3,0.1,0.1,0.0609,0.6185,0.1176,0.2071,1.0041,0.1966,0.2135,0.9513,0.1728,0.2839,1.6215,0.2487,0.5589,0.5653,1.1242,0.589,0.4293,0.7289,0.397,0.0302,0.3791,1.9645,0.3452,0,0,0,0,0,0,1,0,0,1,0,0,0,0,0,0,0,0,0,1,1571,895,7.6,4.3,9855,33989.86613,45682644.06
1,68,778,45790.84012,77070,Houston,54515,58111,52604,TEXAS,Harris,"Census Tract 5555.02, Harris County, Texas",5.0952,0.1819,13.39499653,25623,1424,8002,279,7875,292,424,274,901,405,39292,3334,728,374,2075,381,8049,937,1114,446,407,297.5,9876,1996.2,545,385.8,557,250.4,0,25,105,149.1,94,101,34,16,1.7,1.1,6.6,2.9,39292,3334,4.5,2.3,8.1,1.5,31.4,3.2,4.4,1.8,5.2,3.8,38.5,7.5,2.3,1.6,7,3.1,0,0.5,1.3,1.9,1.2,1.3,0.1,0.1,0.023,0.6375,0.231,0.1957,1.0872,0.2223,0.117,0.9294,0.0224,0.2839,1.3527,0.1294,0.5901,0.6055,1.1956,0.6279,0.5756,0,0.397,0.108,0.3791,1.4597,0.1721,0,0,0,0,0,0,1,0,0,1,0,0,0,0,0,0,0,0,0,1,1320,581,5.2,2.2,12138,33236.51887,47200379.91
1,71,104,47522.99675,77073,Houston,48726,55405,45315,TEXAS,Harris,"Census Tract 2404, Harris County, Texas",8.3689,0.6775,8.0671121,8110,662,2446,47,2403,84,2094,1151,46,56,21552,4612,1240,320,784,188,2950,715,388,157,337,164.9,6828,732.3,1085,376.8,37,45.2,326,144,89,74.5,41,47,0,19,25.8,12.8,1.4,1.7,21552,4612,27,7.1,9.7,2.4,36.4,8.3,4.8,2,14,6.8,84.2,5.9,14.3,4.9,1.5,1.8,13.3,6,3.7,3.1,1.7,2,0,0.2,0.8353,0.0412,0.7555,0.8981,2.5301,0.6754,0.185,0.9841,0.0305,0.8117,2.0113,0.4947,0.8744,0.9164,1.7908,0.9268,0.3451,0.8306,0.7001,0.1609,0,2.0367,0.3752,0,0,0,0,0,0,1,0,0,1,0,1,1,0,0,0,0,0,0,2,2112,463,26,5.4,26303,28320.43408,28078060.54
1,71,105,47522.99675,77073,Houston,48726,55405,45315,TEXAS,Harris,"Census Tract 2405.01, Harris County, Texas",10.1609,0.8945,1.26798715,6135,646,2574,45,2167,142,1625,510,193,99,13415,1678,1097,257,211,93,2292,363,474,206,536,143.6,6007,649.7,1536,387,1536,207,0,19,214,86.6,253,106,0,19,26.5,7.7,7.2,3.4,13415,1678,33.6,5.8,3.4,1.6,37.4,4.4,7.7,3.2,24.7,6.4,97.9,2.4,28.5,6.6,59.7,8,0,1.5,9.9,3.9,11.7,4.8,0,0.3,0.8444,0.6891,0.9575,0.9452,3.4362,0.9125,0.0176,0.9885,0.1478,0.9734,2.1273,0.5754,0.9716,0.9836,1.9552,0.9925,0.9599,0,0.9142,0.7681,0,2.6422,0.641,0,0,1,1,2,0,1,0,1,2,1,1,2,1,0,1,0,0,2,8,2203,520,35.9,6.3,4807,8431.057661,4377820.962
1,71,107,47522.99675,77073,Houston,48726,55405,45315,TEXAS,Harris,"Census Tract 2406, Harris County, Texas",10.3974,0.9165,0.94418117,2792,323,1248,28,1063,71,1144,282,58,41,12710,1643,514,102,60,30,966,189,176,82,310,82,2763,323.8,720,172.9,753,109.6,9,14,76,39.1,180,55,0,13,41,8.6,4,2.9,12710,1643,35.4,6.4,2.1,1.1,34.6,5.5,6.3,3,29.2,7.5,99,1.8,29.2,6,60.3,8.7,0.7,1.1,7.1,3.6,16.9,5.2,0,0.5,0.9587,0.3272,0.9677,0.9537,3.2073,0.8584,0.0109,0.9722,0.0769,0.9885,2.0485,0.5211,0.9854,0.9852,1.9706,0.9967,0.9608,0.4938,0.8605,0.8559,0,3.171,0.8461,1,0,1,1,3,0,1,0,1,2,1,1,2,1,0,0,0,0,1,8,944,199,33.8,6.5,901,9002.643937,3285160
1,71,108,47522.99675,77073,Houston,48726,55405,45315,TEXAS,Harris,"Census Tract 2407.01, Harris County, Texas",8.2483,0.6597,2.86079729,14014,1125,4757,52,4442,195,2174,906,280,159,20139,1971,1778,413,509,264,4335,817,1208,421,567,228.3,13189,1182.1,1114,425.5,768,210.2,35,56,146,97.5,38,45,0,21,15.6,6.3,3.8,2.2,20139,1971,22.1,4.9,3.6,1.9,30.9,5.3,8.6,3.1,12.8,5.1,94.1,3.8,8.6,3.2,16.1,4.4,0.7,1.2,3.3,2.2,0.9,1,0,0.1,0.6224,0.2996,0.8029,0.8343,2.5592,0.6836,0.0191,0.9203,0.2054,0.7709,1.9157,0.4259,0.9365,0.8475,1.784,0.9238,0.7506,0.4938,0.6658,0.0792,0,1.9894,0.3559,0,0,0,0,0,0,1,0,0,1,1,0,1,0,0,0,0,0,0,2,3173,802,22.6,5,8877,13239.44485,9915117.471
1,71,109,47522.99675,77073,Houston,48726,55405,45315,TEXAS,Harris,"Census Tract 2407.02, Harris County, Texas",9.0824,0.771,3.95544665,15566,1202,4334,114,4120,171,2243,1008,566,230,18785,1976,1375,384,737,303,5783,679,1038,435,687,259.3,13992,1392.5,1570,538.9,198,127.5,669,265,261,166.3,100,92,0,21,14.4,6.7,7.6,3,18785,1976,16.5,4.4,4.7,2,37.2,3.3,6.7,2.7,16.7,6.3,89.9,5.6,11.4,3.8,4.6,2.9,15.4,6.1,6.3,4,2.4,2.2,0,0.1,0.5841,0.7194,0.8422,0.7218,2.8675,0.7707,0.0296,0.9877,0.0948,0.881,1.9931,0.4807,0.9076,0.8877,1.7953,0.9287,0.4985,0.8531,0.8366,0.2383,0,2.4265,0.545,0,0,0,0,0,0,1,0,0,1,1,0,1,0,0,0,0,0,0,2,3195,726,20.5,4.4,13313,16418.96449,13762457.66
1,71,110,47522.99675,77073,Houston,48726,55405,45315,TEXAS,Harris,"Census Tract 2408.01, Harris County, Texas",8.8067,0.7375,1.12529312,5965,567,3017,73,2564,171,1354,529,182,133,21514,2564,601,226,480,156,1425,333,673,262,533,193.9,4477,619.3,661,299.4,1278,224.2,0,19,180,131.2,126,102,0,19,22.7,8.7,5.2,3.5,21514,2564,16.6,6,8,2.6,23.9,5.1,11.3,4.3,20.8,7.4,75.1,7.5,12.1,5.4,42.4,7.4,0,1.3,7,5.1,4.9,4,0,0.3,0.7884,0.4859,0.7571,0.7244,2.7558,0.7398,0.113,0.6187,0.4038,0.9425,2.078,0.5425,0.8263,0.8953,1.7216,0.8942,0.9238,0,0.858,0.4695,0,2.2513,0.467,0,0,0,0,0,0,0,0,1,1,0,0,0,1,0,0,0,0,1,2,1277,353,21.4,5.5,2694,8541.32295,3884386.454
1,71,111,47522.99675,77073,Houston,48726,55405,45315,TEXAS,Harris,"Census Tract 2408.02, Harris County, Texas",9.2126,0.7876,4.68837674,6280,554,2221,43,2073,92,879,315,161,103,19729,1747,579,164,518,123,2074,386,542,154,380,105,5354,580.1,442,196.9,449,105.4,23,37,116,62.6,121,73,0,19,14.1,5,5.6,3.4,19729,1747,16.2,4.4,8.2,2.2,33,5.4,8.6,2.6,18.3,5,85.3,5.4,7.9,3.5,20.2,4.7,1,1.7,5.6,3,5.8,3.6,0,0.3,0.5743,0.5334,0.8146,0.7139,2.6362,0.7055,0.1207,0.9555,0.2054,0.9099,2.1915,0.6196,0.8805,0.8348,1.7153,0.8913,0.797,0.5312,0.81,0.5314,0,2.6696,0.6535,0,0,0,0,0,0,1,0,1,2,0,0,0,0,0,0,0,0,0,2,873,262,13.9,4,3348,22046.29274,16457066.34
1,71,118,47522.99675,77073,Houston,48726,55405,45315,TEXAS,Harris,"Census Tract 2412, Harris County, Texas",7.1447,0.4914,1.89592491,7660,651,3026,58,2719,145,934,446,283,154,23154,2975,318,145,639,149,2267,412,653,228,316,171.8,5153,808.2,336,167.4,368,113.7,0,19,68,64.9,54,54,0,19,12.2,5.9,7.1,3.7,23154,2975,6.7,3,8.3,2,29.6,4.8,8.5,3,11.6,6.3,67.3,8.9,4.8,2.4,12.2,3.8,0,1.3,2.5,2.4,2,2,0,0.2,0.5053,0.681,0.6996,0.3233,2.2092,0.5794,0.1247,0.8895,0.1991,0.7206,1.9339,0.4384,0.7857,0.7525,1.5382,0.8071,0.6889,0,0.5814,0.1931,0,1.4634,0.1731,0,0,0,0,0,0,0,0,0,0,0,0,0,0,0,0,0,0,0,0,1124,303,14.7,3.8,2965,14578.83258,6711703.16
1,71,119,47522.99675,77073,Houston,48726,55405,45315,TEXAS,Harris,"Census Tract 2413, Harris County, Texas",6.0427,0.3179,6.61453305,11354,648,4311,70,3929,182,1047,458,205,154,37734,2736,691,282,1398,332,2813,364,1095,349,155,85.9,6308,827.1,292,160.6,269,141.5,82,61,83,95.3,89,122,0,21,9.2,4,3.3,2.5,37734,2736,8.9,3.5,12.3,2.9,24.8,2.9,9.6,2.9,3.9,2.2,55.6,6.6,2.8,1.5,6.2,3.3,1.9,1.4,2.1,2.4,2.3,3.1,0,0.2,0.3785,0.232,0.2591,0.4411,1.3107,0.2943,0.3221,0.6778,0.2769,0.1797,1.4565,0.1695,0.7186,0.6475,1.3661,0.7194,0.5526,0.6012,0.5281,0.2275,0,1.9094,0.3234,0,0,0,0,0,0,0,0,0,0,0,0,0,0,0,0,0,0,0,0,656,305,5.8,2.7,11423,23617.01179,23137497.09
1,71,121,47522.99675,77073,Houston,48726,55405,45315,TEXAS,Harris,"Census Tract 2415, Harris County, Texas",10.6334,0.9366,12.84776567,8448,865,3457,128,3137,178,1599,699,380,194,19106,2154,1457,458,688,190,2102,488,1141,315,447,185.2,7460,902.9,761,280.8,1433,254.1,171,115,121,100.6,285,144,21,36,19,7.2,8.5,4,19106,2154,27.2,7.5,8.1,2.2,24.9,5.2,13.5,3.4,14.2,5.8,88.3,5.7,9.7,3.4,41.5,7.2,4.9,3.3,3.9,3.2,9.1,4.6,0.2,0.4,0.7131,0.7756,0.8329,0.8999,3.2215,0.8619,0.117,0.6838,0.5641,0.8173,2.1822,0.6135,0.8974,0.8656,1.763,0.9138,0.9211,0.6988,0.7156,0.6912,0.44,3.4667,0.9256,0,0,0,0,0,0,0,0,0,0,0,0,0,1,0,0,0,0,1,1,2561,589,30.4,6.1,23900,50457.84546,44640845.52
1,71,739,47522.99675,77073,Houston,48726,55405,45315,TEXAS,Harris,"Census Tract 5532, Harris County, Texas",10.3009,0.9082,1.6321879,6452,840,3278,75,2644,235,1252,588,166,130,25726,3696,609,325,788,213,1611,538,895,351,449,202.8,4235,965.5,372,330.8,1240,291.2,48,73,107,99,293,147,135,61,19.8,8.8,4.9,3.8,25726,3696,15.6,7.3,12.2,3.4,25,7.7,14.2,4.9,17,7.5,65.6,12.3,6.1,5.3,37.8,8.8,1.5,2.2,4,3.7,11.1,5.5,2.1,0.9,0.7308,0.4473,0.6034,0.6982,2.4797,0.6604,0.3164,0.6898,0.6093,0.8872,2.5027,0.8021,0.7761,0.7935,1.5696,0.8223,0.9086,0.5741,0.7229,0.7525,0.7908,3.7489,0.9725,0,0,0,0,0,0,0,0,0,0,0,0,0,1,0,0,0,0,1,1,950,346,15,5.2,8849,12508.05983,5752751.518
1,71,783,47522.99675,77073,Houston,48726,55405,45315,TEXAS,Harris,"Census Tract 9801, Harris County, Texas",7.5973,0.563,12.2963348,570,147,268,55,228,51,228,125,12,11,17116,5237,19,22,7,10,236,93,6,9,106,47.4,512,154.3,18,52.5,202,59.2,0,13,0,18.4,11,18,0,13,40,18.3,4.1,3.9,17116,5237,7.5,8.7,1.2,1.7,41.4,12.3,1.1,1.6,46.5,18,89.8,14,3.6,10.4,75.4,15.8,0,13.8,0,8.1,4.8,7.6,0,2.3,0.9543,0.3411,0.8842,0.3682,2.5478,0.6804,0.0079,0.996,0.0015,0.9993,2.0047,0.4897,0.907,0.6979,1.6049,0.8394,0.9781,0,0,0.4618,0,1.4399,0.1664,1,0,0,0,1,0,1,0,1,2,1,0,1,1,0,0,0,0,1,5,69,54,12.1,8.8,24416,34678.17894,42719790.93
1,88,108,33667.91318,77090,Houston,37130,40406,36889,TEXAS,Harris,"Census Tract 2407.01, Harris County, Texas",8.2483,0.6597,2.86079729,14014,1125,4757,52,4442,195,2174,906,280,159,20139,1971,1778,413,509,264,4335,817,1208,421,567,228.3,13189,1182.1,1114,425.5,768,210.2,35,56,146,97.5,38,45,0,21,15.6,6.3,3.8,2.2,20139,1971,22.1,4.9,3.6,1.9,30.9,5.3,8.6,3.1,12.8,5.1,94.1,3.8,8.6,3.2,16.1,4.4,0.7,1.2,3.3,2.2,0.9,1,0,0.1,0.6224,0.2996,0.8029,0.8343,2.5592,0.6836,0.0191,0.9203,0.2054,0.7709,1.9157,0.4259,0.9365,0.8475,1.784,0.9238,0.7506,0.4938,0.6658,0.0792,0,1.9894,0.3559,0,0,0,0,0,0,1,0,0,1,1,0,1,0,0,0,0,0,0,2,3173,802,22.6,5,8877,13239.44485,9915117.471
1,88,109,33667.91318,77090,Houston,37130,40406,36889,TEXAS,Harris,"Census Tract 2407.02, Harris County, Texas",9.0824,0.771,3.95544665,15566,1202,4334,114,4120,171,2243,1008,566,230,18785,1976,1375,384,737,303,5783,679,1038,435,687,259.3,13992,1392.5,1570,538.9,198,127.5,669,265,261,166.3,100,92,0,21,14.4,6.7,7.6,3,18785,1976,16.5,4.4,4.7,2,37.2,3.3,6.7,2.7,16.7,6.3,89.9,5.6,11.4,3.8,4.6,2.9,15.4,6.1,6.3,4,2.4,2.2,0,0.1,0.5841,0.7194,0.8422,0.7218,2.8675,0.7707,0.0296,0.9877,0.0948,0.881,1.9931,0.4807,0.9076,0.8877,1.7953,0.9287,0.4985,0.8531,0.8366,0.2383,0,2.4265,0.545,0,0,0,0,0,0,1,0,0,1,1,0,1,0,0,0,0,0,0,2,3195,726,20.5,4.4,13313,16418.96449,13762457.66
1,88,110,33667.91318,77090,Houston,37130,40406,36889,TEXAS,Harris,"Census Tract 2408.01, Harris County, Texas",8.8067,0.7375,1.12529312,5965,567,3017,73,2564,171,1354,529,182,133,21514,2564,601,226,480,156,1425,333,673,262,533,193.9,4477,619.3,661,299.4,1278,224.2,0,19,180,131.2,126,102,0,19,22.7,8.7,5.2,3.5,21514,2564,16.6,6,8,2.6,23.9,5.1,11.3,4.3,20.8,7.4,75.1,7.5,12.1,5.4,42.4,7.4,0,1.3,7,5.1,4.9,4,0,0.3,0.7884,0.4859,0.7571,0.7244,2.7558,0.7398,0.113,0.6187,0.4038,0.9425,2.078,0.5425,0.8263,0.8953,1.7216,0.8942,0.9238,0,0.858,0.4695,0,2.2513,0.467,0,0,0,0,0,0,0,0,1,1,0,0,0,1,0,0,0,0,1,2,1277,353,21.4,5.5,2694,8541.32295,3884386.454
1,88,697,33667.91318,77090,Houston,37130,40406,36889,TEXAS,Harris,"Census Tract 5502, Harris County, Texas",10.9056,0.9552,0.96757123,4414,533,1869,67,1482,126,1839,499,95,59,12282,2034,486,164,68,64,1676,379,541,206,354,123.8,4154,554.5,486,163.2,1363,191.7,20,26,223,91.2,317,113,0,13,41.9,8.8,5.3,3.2,12282,2034,20.5,5.9,1.5,1.4,38,7.3,12.3,4.4,23.9,8.1,94.1,5.4,13.5,4.3,72.9,9.9,1.1,1.4,15,6,21.4,7.1,0,0.3,0.9621,0.4988,0.9726,0.8081,3.2416,0.8669,0.0088,0.9904,0.479,0.9686,2.4468,0.773,0.9365,0.9093,1.8458,0.9521,0.9757,0.5405,0.9591,0.8961,0,3.3714,0.9037,1,0,1,0,2,0,1,0,1,2,1,1,2,1,0,1,0,0,2,8,1184,317,26.8,6.9,1389,8142.769756,3354558.782
1,88,698,33667.91318,77090,Houston,37130,40406,36889,TEXAS,Harris,"Census Tract 5503.01, Harris County, Texas",9.6628,0.8409,1.09276519,7828,813,3811,95,3482,202,2316,739,102,78,16405,2031,811,280,160,61,2799,514,710,224,1067,267.2,7186,859.5,782,300.1,2365,381.5,17,28,255,163.6,283,134,0,19,29.9,8.2,2.5,1.9,16405,2031,19.9,6,2,0.8,35.8,5.4,9.1,2.7,30.6,7.5,91.8,5.4,11.3,4.2,62.1,9.9,0.4,0.7,7.3,4.7,8.1,3.8,0,0.2,0.8835,0.1344,0.9013,0.797,2.7162,0.7282,0.0104,0.9806,0.2405,0.9914,2.2229,0.6407,0.9203,0.8862,1.8065,0.934,0.9635,0.436,0.8654,0.6523,0,2.9172,0.7588,0,0,1,0,1,0,1,0,1,2,1,0,1,1,0,0,0,0,1,5,1627,390,20.8,4.6,6025,10709.79838,3800279.301
1,88,699,33667.91318,77090,Houston,37130,40406,36889,TEXAS,Harris,"Census Tract 5503.02, Harris County, Texas",9.4979,0.8218,3.42709541,12258,1221,5194,114,4665,259,2761,1087,421,220,21426,3433,1517,490,633,172,3588,723,1257,492,1057,298.2,11136,1290.6,827,330.9,2407,419.8,0,21,403,188.3,507,201,0,21,22.6,7.9,6.5,3.2,21426,3433,20.2,5.7,5.2,1.3,29.3,5.1,10.3,3.8,22.7,6.3,90.8,5.4,7.4,2.9,46.3,8,0,0.8,8.6,4,10.9,4.3,0,0.2,0.7865,0.6284,0.7601,0.8027,2.9777,0.8002,0.0366,0.8805,0.3294,0.9603,2.2068,0.6299,0.9135,0.8246,1.7381,0.9022,0.9347,0,0.8932,0.7474,0,2.5753,0.6111,0,0,0,0,0,0,0,0,1,1,1,0,1,1,0,0,0,0,1,3,2341,692,19.1,5.1,15296,15362.42352,11925168.76
1,88,700,33667.91318,77090,Houston,37130,40406,36889,TEXAS,Harris,"Census Tract 5504.01, Harris County, Texas",10.3639,0.9133,3.85208174,14904,1396,5356,89,4911,205,2656,874,679,265,21344,2720,1792,486,583,146,4798,841,1665,423,878,245.4,13822,1433.3,1984,540.2,1724,275.5,599,139,202,126.2,596,194,7,10,18,6.1,8.7,3.6,21344,2720,21.1,5.2,3.9,0.9,32.2,4.8,11.2,2.7,17.9,4.9,92.7,4.1,14.7,3.8,32.2,5.1,11.2,2.6,4.1,2.6,12.1,3.9,0,0.1,0.6884,0.7868,0.763,0.8175,3.0557,0.8204,0.0213,0.9435,0.3964,0.9036,2.2648,0.6672,0.9262,0.9198,1.846,0.9522,0.8845,0.8046,0.73,0.7783,0,3.1974,0.8543,0,0,0,0,0,0,1,0,1,2,1,1,2,0,0,0,0,0,0,4,4090,824,27.4,4.8,4986,16032.63883,13450401.45
1,88,701,33667.91318,77090,Houston,37130,40406,36889,TEXAS,Harris,"Census Tract 5504.02, Harris County, Texas",8.6957,0.7233,1.82022769,11568,1161,4064,83,3532,191,2155,750,233,119,20507,2154,1106,276,640,212,3307,777,966,396,778,249.1,11300,1174,750,289.1,1367,315.8,0,21,209,147.2,266,141,0,21,18.6,6.3,3.9,2,20507,2154,16.4,3.5,5.5,2,28.6,6.1,8.4,3.8,22,7,97.7,2.6,6.9,2.6,33.6,7.7,0,1,5.9,4.2,7.5,4,0,0.2,0.703,0.3138,0.7909,0.7191,2.5268,0.6743,0.0423,0.8593,0.1924,0.9542,2.0482,0.5208,0.9692,0.8132,1.7824,0.9231,0.8912,0,0.8217,0.6254,0,2.3383,0.5068,0,0,0,0,0,0,0,0,1,1,1,0,1,0,0,0,0,0,0,2,2247,669,19.4,4.7,5102,15681.38076,6315731.89
1,88,737,33667.91318,77090,Houston,37130,40406,36889,TEXAS,Harris,"Census Tract 5530.02, Harris County, Texas",7.9485,0.6153,1.75790966,4834,511,1838,31,1602,117,540,260,194,155,39554,5635,627,200,806,89,958,245,540,225,202,121.6,3609,567.1,701,261.4,423,129.6,0,13,55,63.3,70,76,0,13,11.3,5.3,7.8,5.9,39554,5635,18.6,5.1,16.7,2.7,19.8,4.6,11.2,4.6,12.6,7.5,74.7,8.7,15.4,5.5,23,7,0,2.1,3.4,3.9,4.4,4.6,0,0.3,0.4701,0.7332,0.2262,0.7698,2.1993,0.5764,0.5877,0.3232,0.3964,0.7629,2.0702,0.5366,0.8241,0.9255,1.7496,0.9078,0.824,0,0.675,0.4304,0,1.9294,0.3309,0,0,0,0,0,0,0,0,0,0,0,1,1,0,0,0,0,0,0,1,849,364,17.6,6.6,3631,11483.15658,6208190.663
1,88,738,33667.91318,77090,Houston,37130,40406,36889,TEXAS,Harris,"Census Tract 5531, Harris County, Texas",8.8912,0.748,1.3026483,6118,584,2804,95,2359,196,910,495,121,91,32579,7186,353,172,992,223,1430,220,766,301,365,186.8,4273,706.7,215,177.9,699,262.4,32,51,107,122,121,82,27,11,14.9,8,3.9,2.9,32579,7186,9,4.3,16.2,3.3,23.4,2.8,12.6,4.8,15.5,7.8,69.8,9.4,3.6,3,24.9,9.3,1.1,1.8,4.5,5.2,5.1,3.5,0.4,0.2,0.5999,0.3138,0.375,0.4458,1.7345,0.4313,0.5566,0.5832,0.5008,0.8529,2.4935,0.7978,0.7986,0.6979,1.4965,0.7861,0.8393,0.5405,0.7545,0.4848,0.5476,3.1667,0.8448,0,0,0,0,0,0,0,0,0,0,0,0,0,0,0,0,0,0,0,0,1112,423,18.2,6.4,5562,9302.470428,4546877.541
1,88,739,33667.91318,77090,Houston,37130,40406,36889,TEXAS,Harris,"Census Tract 5532, Harris County, Texas",10.3009,0.9082,1.6321879,6452,840,3278,75,2644,235,1252,588,166,130,25726,3696,609,325,788,213,1611,538,895,351,449,202.8,4235,965.5,372,330.8,1240,291.2,48,73,107,99,293,147,135,61,19.8,8.8,4.9,3.8,25726,3696,15.6,7.3,12.2,3.4,25,7.7,14.2,4.9,17,7.5,65.6,12.3,6.1,5.3,37.8,8.8,1.5,2.2,4,3.7,11.1,5.5,2.1,0.9,0.7308,0.4473,0.6034,0.6982,2.4797,0.6604,0.3164,0.6898,0.6093,0.8872,2.5027,0.8021,0.7761,0.7935,1.5696,0.8223,0.9086,0.5741,0.7229,0.7525,0.7908,3.7489,0.9725,0,0,0,0,0,0,0,0,0,0,0,0,0,1,0,0,0,0,1,1,950,346,15,5.2,8849,12508.05983,5752751.518
1,88,740,33667.91318,77090,Houston,37130,40406,36889,TEXAS,Harris,"Census Tract 5533, Harris County, Texas",9.6688,0.8415,0.53508448,6377,705,2826,65,2514,158,1750,669,201,127,16509,2197,352,156,222,76,2137,535,430,179,662,195.6,5648,778.8,411,225.2,1950,318.5,0,19,115,83.2,150,101,87,110,27.8,9.1,6,3.8,16509,2197,11,4.5,3.5,1.3,33.5,7.5,6.8,2.9,26.3,7.6,88.6,7.3,7.5,4,69,11.2,0,1.4,4.6,3.3,6,4.1,1.4,1.7,0.8607,0.578,0.8991,0.5385,2.8763,0.7731,0.0184,0.9615,0.0994,0.9803,2.0596,0.5286,0.8994,0.8266,1.726,0.8965,0.9715,0,0.7604,0.5437,0.7313,3.0069,0.7914,0,0,0,0,0,0,1,0,1,2,0,0,0,1,0,0,0,0,1,3,2027,526,32.2,6.9,4878,5426.867225,1869438.028
1,88,741,33667.91318,77090,Houston,37130,40406,36889,TEXAS,Harris,"Census Tract 5534.01, Harris County, Texas",4.1259,0.0783,1.39003129,4206,325,1571,30,1480,72,142,77,136,66,46256,4428,132,56,694,80,933,170,467,100,53,38.3,972,489.5,41,66.1,0,18.4,17,20,0,18.4,16,18,0,13,3.4,1.8,6.2,2.9,46256,4428,4.4,1.8,16.5,2,22.2,3.7,11.1,2.4,3.6,2.6,23.1,11.5,1,1.7,0,1.2,1.1,1.3,0,1.2,1.1,1.2,0,0.3,0.0879,0.5985,0.1433,0.19,1.0197,0.2011,0.5753,0.4945,0.3891,0.1585,1.6174,0.2462,0.4179,0.4326,0.8505,0.4248,0,0.5405,0,0.0978,0,0.6383,0.0327,0,0,0,0,0,0,0,0,0,0,0,0,0,0,0,0,0,0,0,0,301,127,7.2,3,2419,11942.57791,5016622.964
1,88,744,33667.91318,77090,Houston,37130,40406,36889,TEXAS,Harris,"Census Tract 5535, Harris County, Texas",4.0112,0.0685,1.36853159,6890,409,2535,51,2500,68,151,114,205,107,33321,3265,439,189,1036,176,1582,281,553,196,166,157.2,2610,590.6,0,76,48,61.8,0,19,0,26.9,14,23,0,19,2.2,1.7,5.6,2.9,33321,3265,9.5,4.2,15,2.5,23,3.8,8.1,2.7,6.6,6.3,37.9,8.3,0,1.2,1.9,2.4,0,1.6,0,1.1,0.6,0.9,0,0.3,0.0379,0.5334,0.3559,0.4696,1.3968,0.3218,0.4828,0.554,0.1728,0.3994,1.609,0.2418,0.5846,0,0.5846,0.276,0.3732,0,0,0.0476,0,0.4208,0.0171,0,0,0,0,0,0,0,0,0,0,0,0,0,0,0,0,0,0,0,0,1181,398,17.2,5.9,2465,8849.797738,4770570.617
1,88,745,33667.91318,77090,Houston,37130,40406,36889,TEXAS,Harris,"Census Tract 5536, Harris County, Texas",6.2565,0.3502,1.85795873,8097,511,3083,37,2938,126,442,257,277,162,39756,3939,209,125,728,210,1993,302,554,176,197,135.1,3317,706.6,249,161.1,1000,236.9,19,31,13,29.1,108,88,36,16,5.5,3.2,6.1,3.3,39756,3939,3.9,2.3,9,2.7,24.6,3.4,6.9,2.3,6.7,4.6,41,8.3,3.2,2.1,32.4,7.7,0.6,1,0.4,1,3.7,3,0.4,0.2,0.1942,0.5882,0.2229,0.1601,1.1654,0.2472,0.153,0.6652,0.1037,0.4073,1.3292,0.121,0.6124,0.6736,1.286,0.6775,0.8853,0.4741,0.1999,0.369,0.5476,2.4759,0.5683,0,0,0,0,0,0,0,0,0,0,0,0,0,0,0,0,0,0,0,0,884,386,11,4.7,4753,11912.25122,6534368.666
