OBJECTID,From_ID,To_ID,NearRank,From_OBJECTID,From_ZIP,From_TotalConfirmedCases,From_ActiveCases,From_Recovered,From_Death,From_EditDate,From_Shape_STArea__,From_Shape_STLength__,From_Shape__Area,From_Shape__Length,To_Name,To_ADDRNO,To_PREFIX,To_STNAME,To_STTYPE,To_SUFFIX,To_CITY,To_ZIP,To_ADMIN,Total_Miles
1,1,12,1,224,77002,979,71,900,8,11/17/2020 4:00 PM,0.00051663,0.21598981,0.00051663,0.21598982,CHRISTUS ST JOSEPH HOSPITAL,1919, ,LA BRANCH, , ,HOUSTON,77002,2,0.0
2,1,92,1,224,77002,979,71,900,8,11/17/2020 4:00 PM,0.00051663,0.21598981,0.00051663,0.21598982,DUBUIS HOSPITAL FOR CONTINUING CARE,1919, ,LA BRANCH, , ,HOUSTON,77002,2,0.0
3,2,92,1,217,77010,14,1,13,0,11/17/2020 4:00 PM,2.859e-05,0.0286829,2.859e-05,0.0286829,DUBUIS HOSPITAL FOR CONTINUING CARE,1919, ,LA BRANCH, , ,HOUSTON,77002,2,0.42682615
4,2,12,2,217,77010,14,1,13,0,11/17/2020 4:00 PM,2.859e-05,0.0286829,2.859e-05,0.0286829,CHRISTUS ST JOSEPH HOSPITAL,1919, ,LA BRANCH, , ,HOUSTON,77002,2,0.43578699
5,3,59,1,53,77014,1198,106,1076,16,11/17/2020 4:00 PM,0.00159942,0.23498185,0.00159942,0.23498186,CHAMPIONS PSYCHIATRIC CENTER,14320, ,WALTERS,RD, , ,77014,2,0.0
6,3,95,2,53,77014,1198,106,1076,16,11/17/2020 4:00 PM,0.00159942,0.23498185,0.00159942,0.23498186,THE BREAST CENTER,710, ,F M 1960, ,W,HOSTON,77090,2,1.62319115
7,4,32,1,219,77021,1019,76,924,19,11/17/2020 4:00 PM,0.00141834,0.19257492,0.00141834,0.19257492,HARRIS CO. PSYCHIATRIC CENTER,2800,S,MACGREGOR,WAY, ,HOUSTON,77021,2,0.0
8,4,31,2,219,77021,1019,76,924,19,11/17/2020 4:00 PM,0.00141834,0.19257492,0.00141834,0.19257492,VETERANS AFFAIRS HOSPITAL,2002, ,HOLCOMBE, , ,HOUSTON,77054,2,0.2117117
9,5,11,1,215,77027,485,63,419,3,11/17/2020 4:00 PM,0.00067616,0.15163491,0.00067616,0.15163491,TWELVE OAKS HOSPITAL / BAYOU CITY MEDICAL CENTER,4200, ,PORTSMOUTH, , ,HOUSTON,77027,2,0.0
10,5,108,1,215,77027,485,63,419,3,11/17/2020 4:00 PM,0.00067616,0.15163491,0.00067616,0.15163491,HOUSTON DAY HOSPITAL,4665, ,SOUTHWEST FRWY, , ,HOUSTON,77027,2,0.0
11,6,70,1,79,77032,859,24,823,12,11/17/2020 4:00 PM,0.00508101,0.35712366,0.00508101,0.35712367,HEALTH SOUTH REHABILITATION HOSPITAL OF HUMBLE,19002, ,MC KAY,DR, ,HUMBLE,77338,2,1.86738432
12,6,37,2,79,77032,859,24,823,12,11/17/2020 4:00 PM,0.00508101,0.35712366,0.00508101,0.35712367,NORTHEAST MEDICAL CENTER,18951,N,MEMORIAL,BLVD, ,HUMBLE,77338,2,1.98151865
13,7,42,1,119,77033,1304,89,1192,23,11/17/2020 4:00 PM,0.00145826,0.18936856,0.00145826,0.18936857,CULLEN WOMENS CENTER HOSPITAL,7443, ,CULLEN, , ,HOUSTON,77051,2,0.02789771
14,7,35,2,119,77033,1304,89,1192,23,11/17/2020 4:00 PM,0.00145826,0.18936856,0.00145826,0.18936857,I H S HOSPITAL,6160,S,LOOP, ,E,HOUSTON,77087,2,0.36807565
15,8,49,1,117,77036,3554,210,3296,48,11/17/2020 4:00 PM,0.00179859,0.22819018,0.00179859,0.22819018,ST JOHN HOSPITAL,7322, ,SOUTHWEST FREEWAY, , ,HOUSTON,77074,2,0.0
16,8,19,2,117,77036,3554,210,3296,48,11/17/2020 4:00 PM,0.00179859,0.22819018,0.00179859,0.22819018,MEMORIAL HOSPITAL - SOUTHWEST,7600, ,BEECHNUT, , ,HOUSTON,77074,2,0.15414436
17,9,43,1,57,77038,1334,100,1207,27,11/17/2020 4:00 PM,0.00226396,0.25951515,0.00226396,0.25951515,HCA N. HOUSTON MEDICAL CENTER PARKVIEW,7407, ,NORTH FREEWAY, , ,HOUSTON,77076,2,2.06835219
18,9,1,2,57,77038,1334,100,1207,27,11/17/2020 4:00 PM,0.00226396,0.25951515,0.00226396,0.25951515,DOCTOR'S HOSPITAL - PARKWAY,233,W,PARKER,RD, ,HOUSTON,77076,2,2.72646488
19,10,47,1,80,77039,1434,112,1294,28,11/17/2020 4:00 PM,0.00240389,0.24480008,0.00240389,0.24480009,HOUSTON COMMUNITY HOSPITAL - NORTHSIDE,2807,W,LITTLE YORK,RD, , ,77093,2,1.12926951
20,10,43,2,80,77039,1434,112,1294,28,11/17/2020 4:00 PM,0.00240389,0.24480008,0.00240389,0.24480009,HCA N. HOUSTON MEDICAL CENTER PARKVIEW,7407, ,NORTH FREEWAY, , ,HOUSTON,77076,2,2.82144136
21,11,85,1,58,77042,1211,118,1082,11,11/17/2020 4:00 PM,0.00152058,0.2204696,0.00152058,0.22046959,HEALTH BRIDGE CHILDREN'S HOSPITAL,2929, ,WOODLAND PARK, , ,HOUSTON,77082,2,0.29488222
22,11,10,2,58,77042,1211,118,1082,11,11/17/2020 4:00 PM,0.00152058,0.2204696,0.00152058,0.22046959,COLUMBIA ROSEWOOD MEDICAL CENTER,9200, ,WESTHEIMER, , ,HOUSTON,77063,2,0.75144583
23,12,55,1,55,77064,1865,144,1684,37,11/17/2020 4:00 PM,0.00346828,0.32107148,0.00346828,0.32107148,KINDRED HOSPITAL HOUSTON NORTHWEST,11297, ,FALLBROOK, , , ,77065,2,0.23727619
24,12,61,2,55,77064,1865,144,1684,37,11/17/2020 4:00 PM,0.00346828,0.32107148,0.00346828,0.32107148,CY-FAIR MEDICAL CENTER HOSPITAL,10655, ,STEEPLETOP,DR, , ,77065,2,0.36098367
25,13,77,1,49,77070,1575,180,1384,11,11/17/2020 4:00 PM,0.0032792,0.38164601,0.0032792,0.38164601,METHODIST WILLOWBROOK HOSPITAL,18220, ,TOMBALL,PKWY, ,HOUSTON,77070,2,0.0
26,13,61,2,49,77070,1575,180,1384,11,11/17/2020 4:00 PM,0.0032792,0.38164601,0.0032792,0.38164601,CY-FAIR MEDICAL CENTER HOSPITAL,10655, ,STEEPLETOP,DR, , ,77065,2,0.44473199
27,14,19,1,97,77071,1129,92,1029,8,11/17/2020 4:00 PM,0.00099443,0.1829602,0.00099443,0.1829602,MEMORIAL HOSPITAL - SOUTHWEST,7600, ,BEECHNUT, , ,HOUSTON,77074,2,1.16936628
28,14,36,2,97,77071,1129,92,1029,8,11/17/2020 4:00 PM,0.00099443,0.1829602,0.00099443,0.1829602,SPECIALTY HOSPITAL OF HOUSTON,5556, ,GASMER, , ,HOUSTON,77035,2,1.85589875
29,15,8,1,67,77083,1740,119,1598,23,11/17/2020 4:00 PM,0.00143483,0.20554329,0.00143483,0.20554329,HCA W. HOUSTON MEDICAL CENTER,12141, ,RICHMOND,AVE, ,HOUSTON,77082,2,1.61145555
30,15,66,2,67,77083,1740,119,1598,23,11/17/2020 4:00 PM,0.00143483,0.20554329,0.00143483,0.20554329,FOUNTAIN BROOK HOSPITAL,11919,W,AIRPORT,BLVD, ,SUGAR LAND,77477,2,2.38759703
31,16,36,1,169,77085,941,84,848,9,11/17/2020 4:00 PM,0.00117505,0.19302073,0.00117505,0.19302072,SPECIALTY HOSPITAL OF HOUSTON,5556, ,GASMER, , ,HOUSTON,77035,2,0.63473827
32,16,39,2,169,77085,941,84,848,9,11/17/2020 4:00 PM,0.00117505,0.19302073,0.00117505,0.19302072,MEDICAL CENTER HOSPITAL - BELLAIRE,5314, ,DASHWOOD, , ,HOUSTON,77081,2,4.24416577
33,17,77,1,692,77086,1497,101,1389,7,11/17/2020 4:00 PM,0.00175057,0.22393802,0.00175057,0.22393802,METHODIST WILLOWBROOK HOSPITAL,18220, ,TOMBALL,PKWY, ,HOUSTON,77070,2,2.0298909
34,17,59,2,692,77086,1497,101,1389,7,11/17/2020 4:00 PM,0.00175057,0.22393802,0.00175057,0.22393802,CHAMPIONS PSYCHIATRIC CENTER,14320, ,WALTERS,RD, , ,77014,2,3.6251148
35,18,43,1,84,77088,2358,197,2120,41,11/17/2020 4:00 PM,0.0025869,0.32026759,0.0025869,0.32026761,HCA N. HOUSTON MEDICAL CENTER PARKVIEW,7407, ,NORTH FREEWAY, , ,HOUSTON,77076,2,0.27336279
36,18,1,2,84,77088,2358,197,2120,41,11/17/2020 4:00 PM,0.0025869,0.32026759,0.0025869,0.32026761,DOCTOR'S HOSPITAL - PARKWAY,233,W,PARKER,RD, ,HOUSTON,77076,2,0.97765823
37,19,50,1,115,77089,2348,207,2109,32,11/17/2020 4:00 PM,0.00306537,0.36697894,0.00306537,0.36697894,MEMORIAL HOSPITAL - SOUTHEAST,11800, ,ASTORIA,BLVD, ,HOUSTON,77089,2,0.0
38,19,81,2,115,77089,2348,207,2109,32,11/17/2020 4:00 PM,0.00306537,0.36697894,0.00306537,0.36697894,SURGICAL OUTPATIENT HOSPITAL,3534, ,VISTA,RD, ,PASADENA,77504,2,3.33526061
39,20,90,1,42,77094,242,30,212,0,11/17/2020 4:00 PM,0.00400208,0.31954021,0.00400208,0.31954021,CHRISTUS ST. CATHERINE,777,S,FRY,RD, ,HOUSTON,77094,2,0.0
40,20,8,2,42,77094,242,30,212,0,11/17/2020 4:00 PM,0.00400208,0.31954021,0.00400208,0.31954021,HCA W. HOUSTON MEDICAL CENTER,12141, ,RICHMOND,AVE, ,HOUSTON,77082,2,3.30366601
41,21,72,1,142,77365,8,1,7,0,11/17/2020 4:00 PM,0.00036901,0.12890319,0.00036901,0.12890319,KINGWOOD URGING CARE,2313, ,TIMBER SHADOWS,DR, ,HOUSTON,77339,2,1.44984683
42,21,38,2,142,77365,8,1,7,0,11/17/2020 4:00 PM,0.00036901,0.12890319,0.00036901,0.12890319,KINGWOOD HOSPITAL,2001, ,LADBROOK,DR, ,HOUSTON,77339,2,1.7842579
43,22,83,1,34,77375,1536,164,1357,15,11/17/2020 4:00 PM,0.00845696,0.58992684,0.00845696,0.58992684,TOMBALL REGIONAL HOSPITAL,605, ,HOLDERRIETH, , ,TOMBALL,77375,2,0.0
44,22,84,1,34,77375,1536,164,1357,15,11/17/2020 4:00 PM,0.00845696,0.58992684,0.00845696,0.58992684,TEXAS SPORTS MEDICAL CENTER,611, ,HOLDERRIETH, , ,TOMBALL,77375,2,0.0
45,23,61,1,151,77429,2028,181,1839,8,11/17/2020 4:00 PM,0.00918202,0.6492009,0.00918202,0.64920091,CY-FAIR MEDICAL CENTER HOSPITAL,10655, ,STEEPLETOP,DR, , ,77065,2,1.64052029
46,23,55,2,151,77429,2028,181,1839,8,11/17/2020 4:00 PM,0.00918202,0.6492009,0.00918202,0.64920091,KINDRED HOSPITAL HOUSTON NORTHWEST,11297, ,FALLBROOK, , , ,77065,2,1.85009119
47,24,61,1,152,77433,2564,190,2356,18,11/17/2020 4:00 PM,0.01506583,0.83189303,0.01506583,0.83189303,CY-FAIR MEDICAL CENTER HOSPITAL,10655, ,STEEPLETOP,DR, , ,77065,2,5.03599713
48,24,55,2,152,77433,2564,190,2356,18,11/17/2020 4:00 PM,0.01506583,0.83189303,0.01506583,0.83189303,KINDRED HOSPITAL HOUSTON NORTHWEST,11297, ,FALLBROOK, , , ,77065,2,5.09524431
49,25,84,1,201,77447,422,34,386,2,11/17/2020 4:00 PM,0.01588124,0.82491054,0.01588124,0.82491054,TEXAS SPORTS MEDICAL CENTER,611, ,HOLDERRIETH, , ,TOMBALL,77375,2,6.66580391
50,25,83,2,201,77447,422,34,386,2,11/17/2020 4:00 PM,0.01588124,0.82491054,0.01588124,0.82491054,TOMBALL REGIONAL HOSPITAL,605, ,HOLDERRIETH, , ,TOMBALL,77375,2,6.75971221
51,26,66,1,2,77477,64,4,59,1,11/17/2020 4:00 PM,0.00013942,0.12205856,0.00013942,0.12205855,FOUNTAIN BROOK HOSPITAL,11919,W,AIRPORT,BLVD, ,SUGAR LAND,77477,2,0.56710733
52,26,36,2,2,77477,64,4,59,1,11/17/2020 4:00 PM,0.00013942,0.12205856,0.00013942,0.12205855,SPECIALTY HOSPITAL OF HOUSTON,5556, ,GASMER, , ,HOUSTON,77035,2,3.66760003
53,27,36,1,24,77489,251,19,228,4,11/17/2020 4:00 PM,9.891e-05,0.10815297,9.891e-05,0.10815296,SPECIALTY HOSPITAL OF HOUSTON,5556, ,GASMER, , ,HOUSTON,77035,2,2.79220926
54,27,66,2,24,77489,251,19,228,4,11/17/2020 4:00 PM,9.891e-05,0.10815297,9.891e-05,0.10815296,FOUNTAIN BROOK HOSPITAL,11919,W,AIRPORT,BLVD, ,SUGAR LAND,77477,2,3.00290711
55,28,75,1,103,77502,2336,129,2178,29,11/17/2020 4:00 PM,0.00135073,0.22317399,0.00135073,0.22317399,MEMORIAL HERMANN - PASADENA,906,E,SOUTHMORE, , ,PASADENA,77502,2,0.0
56,28,58,2,103,77502,2336,129,2178,29,11/17/2020 4:00 PM,0.00135073,0.22317399,0.00135073,0.22317399,BAYSHORE MEDICAL CENTER,4000, ,SPENCER HIGHWAY, , ,PASADENA,77504,2,0.26466641
57,29,56,1,109,77503,1287,74,1187,26,11/17/2020 4:00 PM,0.00217338,0.30192422,0.00217338,0.30192421,TRI CITY REGIONAL HOSPITAL,4040, ,RED BUFF, , ,PASADENA,77503,2,0.0
58,29,53,2,109,77503,1287,74,1187,26,11/17/2020 4:00 PM,0.00217338,0.30192422,0.00217338,0.30192421,HCA DEER PARK HOSPITAL,4525, ,GLENWOOD, , ,DEER PARK,77536,2,0.07979861
59,30,58,1,105,77504,1291,56,1191,44,11/17/2020 4:00 PM,0.00125745,0.19206096,0.00125745,0.19206096,BAYSHORE MEDICAL CENTER,4000, ,SPENCER HIGHWAY, , ,PASADENA,77504,2,0.0
60,30,81,1,105,77504,1291,56,1191,44,11/17/2020 4:00 PM,0.00125745,0.19206096,0.00125745,0.19206096,SURGICAL OUTPATIENT HOSPITAL,3534, ,VISTA,RD, ,PASADENA,77504,2,0.0
61,31,68,1,136,77521,2393,144,2212,37,11/17/2020 4:00 PM,0.00906259,0.53001876,0.00906259,0.53001876,GULF COAST HOSPITAL,2800, ,GARTH,RD, , ,77521,2,0.0
62,31,78,1,136,77521,2393,144,2212,37,11/17/2020 4:00 PM,0.00906259,0.53001876,0.00906259,0.53001876,SAN JACINTO METHODIST HOSPITAL,4401, ,GARTH,RD, , ,77521,2,0.0
63,32,78,1,135,77535,6,0,6,0,11/17/2020 4:00 PM,0.00056412,0.38324108,0.00056412,0.38324108,SAN JACINTO METHODIST HOSPITAL,4401, ,GARTH,RD, , ,77521,2,7.92792129
64,32,68,2,135,77535,6,0,6,0,11/17/2020 4:00 PM,0.00056412,0.38324108,0.00056412,0.38324108,GULF COAST HOSPITAL,2800, ,GARTH,RD, , ,77521,2,9.13242731
65,33,53,1,122,77536,1292,107,1179,6,11/17/2020 4:00 PM,0.00354712,0.31554648,0.00354712,0.31554646,HCA DEER PARK HOSPITAL,4525, ,GLENWOOD, , ,DEER PARK,77536,2,0.0
66,33,56,2,122,77536,1292,107,1179,6,11/17/2020 4:00 PM,0.00354712,0.31554648,0.00354712,0.31554646,TRI CITY REGIONAL HOSPITAL,4040, ,RED BUFF, , ,PASADENA,77503,2,0.40275284
67,34,64,1,69,77547,502,25,469,8,11/17/2020 4:00 PM,0.0008358,0.12349302,0.0008358,0.12349302,DEATON HOSPITAL,206,N,MAIN, , ,GALENA PARK,77547,2,0.0
68,34,96,2,69,77547,502,25,469,8,11/17/2020 4:00 PM,0.0008358,0.12349302,0.0008358,0.12349302,KINDRED BAY AREA HOSPITAL,1004, ,SEYMOUR,DR, ,PASADENA,77506,2,1.72837195
69,35,78,1,98,77562,300,11,283,6,11/17/2020 4:00 PM,0.00359126,0.40083866,0.00359126,0.40083865,SAN JACINTO METHODIST HOSPITAL,4401, ,GARTH,RD, , ,77521,2,3.73158019
70,35,99,2,98,77562,300,11,283,6,11/17/2020 4:00 PM,0.00359126,0.40083866,0.00359126,0.40083865,TRIUMPH HOSPITAL EAST HOUSTON,15101, ,EAST FREEWAY, , , ,77530,2,3.79756865
71,36,36,1,179,77584,24,1,23,0,11/17/2020 4:00 PM,6.68e-06,0.08826642,6.68e-06,0.08826642,SPECIALTY HOSPITAL OF HOUSTON,5556, ,GASMER, , ,HOUSTON,77035,2,5.86432688
72,36,42,2,179,77584,24,1,23,0,11/17/2020 4:00 PM,6.68e-06,0.08826642,6.68e-06,0.08826642,CULLEN WOMENS CENTER HOSPITAL,7443, ,CULLEN, , ,HOUSTON,77051,2,6.24836864
73,37,52,1,218,77007,1161,160,997,4,11/17/2020 4:00 PM,0.00189716,0.26462953,0.00189716,0.26462953,SCCI HOSPITAL,105, ,DREW ST, , ,HOUSTON,77006,2,0.89963336
74,37,92,2,218,77007,1161,160,997,4,11/17/2020 4:00 PM,0.00189716,0.26462953,0.00189716,0.26462953,DUBUIS HOSPITAL FOR CONTINUING CARE,1919, ,LA BRANCH, , ,HOUSTON,77002,2,1.05835224
75,38,15,1,86,77013,731,54,668,9,11/17/2020 4:00 PM,0.00222987,0.27954344,0.00222987,0.27954345,DOCTOR'S HOSPITAL - EAST LOOP,9339,N,LOOP, ,E,HOUSTON,77029,2,0.00516146
76,38,89,2,86,77013,731,54,668,9,11/17/2020 4:00 PM,0.00222987,0.27954344,0.00222987,0.27954345,BRILELA McCREA WOMAN'S PLACE,12605, ,EAST FREEWAY, , ,HOUSTON,77015,2,0.31293644
77,39,13,1,223,77004,1015,115,882,18,11/17/2020 4:00 PM,0.00143106,0.19960234,0.00143106,0.19960234,RIVERSIDE GENERAL HOSPITAL,3204, ,ENNIS ST, , ,HOUSTON,77004,2,0.0
78,39,27,1,223,77004,1015,115,882,18,11/17/2020 4:00 PM,0.00143106,0.19960234,0.00143106,0.19960234,PARK PLAZA HOSPITAL,1313, ,HERMANN,DR, ,HOUSTON,77004,2,0.0
79,40,52,1,225,77006,615,78,534,3,11/17/2020 4:00 PM,0.00054717,0.12723053,0.00054717,0.12723053,SCCI HOSPITAL,105, ,DREW ST, , ,HOUSTON,77006,2,0.0
80,40,63,2,225,77006,615,78,534,3,11/17/2020 4:00 PM,0.00054717,0.12723053,0.00054717,0.12723053,DEPELCHIN CHILDRENS HOSPITAL,3214, ,AUSTIN, , ,HOUSTON,77004,2,0.24589446
81,41,12,1,229,77003,465,67,391,7,11/17/2020 4:00 PM,0.00064298,0.17002237,0.00064298,0.17002237,CHRISTUS ST JOSEPH HOSPITAL,1919, ,LA BRANCH, , ,HOUSTON,77002,2,0.03607454
82,41,92,2,229,77003,465,67,391,7,11/17/2020 4:00 PM,0.00064298,0.17002237,0.00064298,0.17002237,DUBUIS HOSPITAL FOR CONTINUING CARE,1919, ,LA BRANCH, , ,HOUSTON,77002,2,0.04161508
83,42,16,1,90,77015,2714,178,2508,28,11/17/2020 4:00 PM,0.00534014,0.45694811,0.00534014,0.45694811,EAST HOUSTON REGIONAL MEDICAL CENTER,13111, ,EAST FREEWAY, , ,HOUSTON,77015,2,0.0
84,42,89,1,90,77015,2714,178,2508,28,11/17/2020 4:00 PM,0.00534014,0.45694811,0.00534014,0.45694811,BRILELA McCREA WOMAN'S PLACE,12605, ,EAST FREEWAY, , ,HOUSTON,77015,2,0.0
85,43,7,1,81,77016,1271,115,1119,37,11/17/2020 4:00 PM,0.00245715,0.25687009,0.00245715,0.25687009,LYNDON B. JOHNSON HOSPITAL,5656, ,KELLEY, , ,HOUSTON,77026,1,0.93349355
86,43,47,2,81,77016,1271,115,1119,37,11/17/2020 4:00 PM,0.00245715,0.25687009,0.00245715,0.25687009,HOUSTON COMMUNITY HOSPITAL - NORTHSIDE,2807,W,LITTLE YORK,RD, , ,77093,2,1.54862018
87,44,5,1,185,77018,717,79,623,15,11/17/2020 4:00 PM,0.00163872,0.23521775,0.00163872,0.23521775,MEMORIAL HOSPITAL - NORTHWEST,1635,N,LOOP, ,W,HOUSTON,77008,2,0.07881657
88,44,4,2,185,77018,717,79,623,15,11/17/2020 4:00 PM,0.00163872,0.23521775,0.00163872,0.23521775,DOCTOR'S HOSPITAL - TIDWELL,510,W,TIDWELL,RD, ,HOUSTON,77091,2,0.42380665
89,45,64,1,222,77012,1118,94,1002,22,11/17/2020 4:00 PM,0.00099281,0.17683035,0.00099281,0.17683035,DEATON HOSPITAL,206,N,MAIN, , ,GALENA PARK,77547,2,0.94872244
90,45,35,2,222,77012,1118,94,1002,22,11/17/2020 4:00 PM,0.00099281,0.17683035,0.00099281,0.17683035,I H S HOSPITAL,6160,S,LOOP, ,E,HOUSTON,77087,2,1.54878052
91,46,64,1,114,77017,1768,101,1635,32,11/17/2020 4:00 PM,0.00236915,0.2857272,0.00236915,0.28572719,DEATON HOSPITAL,206,N,MAIN, , ,GALENA PARK,77547,2,0.81497569
92,46,35,2,114,77017,1768,101,1635,32,11/17/2020 4:00 PM,0.00236915,0.2857272,0.00236915,0.28572719,I H S HOSPITAL,6160,S,LOOP, ,E,HOUSTON,77087,2,1.47668839
93,47,14,1,61,77020,1288,93,1153,42,11/17/2020 4:00 PM,0.00173081,0.21701887,0.00173081,0.21701887,HOUSTON RECOVERY,4514, ,LYONS,AVE, ,HOUSTON,77020,2,0.0
94,47,15,2,61,77020,1288,93,1153,42,11/17/2020 4:00 PM,0.00173081,0.21701887,0.00173081,0.21701887,DOCTOR'S HOSPITAL - EAST LOOP,9339,N,LOOP, ,E,HOUSTON,77029,2,1.17750827
95,48,35,1,220,77023,1501,113,1361,27,11/17/2020 4:00 PM,0.00136887,0.2059619,0.00136887,0.2059619,I H S HOSPITAL,6160,S,LOOP, ,E,HOUSTON,77087,2,0.36337283
96,48,13,2,220,77023,1501,113,1361,27,11/17/2020 4:00 PM,0.00136887,0.2059619,0.00136887,0.2059619,RIVERSIDE GENERAL HOSPITAL,3204, ,ENNIS ST, , ,HOUSTON,77004,2,1.1322623
97,49,67,1,195,77025,652,62,581,9,11/17/2020 4:00 PM,0.00108316,0.1869025,0.00108316,0.18690249,GREENPARK II MEDICAL CENTER,7515, ,MAIN,ST, ,HOUSTON,77030,2,0.36879101
98,49,41,2,195,77025,652,62,581,9,11/17/2020 4:00 PM,0.00108316,0.1869025,0.00108316,0.18690249,TEXAS ORTHOPEDIC HOSPITAL,7401,S,MAIN, , ,HOUSTON,77030,2,0.52046026
99,50,52,1,227,77019,662,89,567,6,11/17/2020 4:00 PM,0.00089848,0.21917129,0.00089848,0.2191713,SCCI HOSPITAL,105, ,DREW ST, , ,HOUSTON,77006,2,0.21408111
100,50,92,2,227,77019,662,89,567,6,11/17/2020 4:00 PM,0.00089848,0.21917129,0.00089848,0.2191713,DUBUIS HOSPITAL FOR CONTINUING CARE,1919, ,LA BRANCH, , ,HOUSTON,77002,2,0.77106058
101,51,4,1,73,77022,1339,118,1185,36,11/17/2020 4:00 PM,0.00142788,0.18696084,0.00142788,0.18696084,DOCTOR'S HOSPITAL - TIDWELL,510,W,TIDWELL,RD, ,HOUSTON,77091,2,0.35766678
102,51,1,2,73,77022,1339,118,1185,36,11/17/2020 4:00 PM,0.00142788,0.18696084,0.00142788,0.18696084,DOCTOR'S HOSPITAL - PARKWAY,233,W,PARKER,RD, ,HOUSTON,77076,2,0.87713398
103,52,20,1,213,77030,484,54,424,6,11/17/2020 4:00 PM,0.00063396,0.14560626,0.00063396,0.14560626,WEST PAVILION METHODIST DIAGNOSTIC CENTER,6447, ,MAIN,ST, ,HOUSTON,77030,2,0.0
104,52,21,1,213,77030,484,54,424,6,11/17/2020 4:00 PM,0.00063396,0.14560626,0.00063396,0.14560626,ST LUKE'S EPISCOPAL HOSPITAL,6720, ,BERTNER, , ,HOUSTON,77030,2,0.0
105,53,93,1,214,77005,369,55,313,1,11/17/2020 4:00 PM,0.00093402,0.16919299,0.00093402,0.16919298,SELECT SPECIALTY HOSPITAL HOUSTON MEDICAL CENTER,6447, ,MAIN,ST, ,HOUSTON,77030,2,0.01797283
106,53,20,2,214,77005,369,55,313,1,11/17/2020 4:00 PM,0.00093402,0.16919299,0.00093402,0.16919298,WEST PAVILION METHODIST DIAGNOSTIC CENTER,6447, ,MAIN,ST, ,HOUSTON,77030,2,0.02557449
107,54,5,1,184,77008,877,105,756,16,11/17/2020 4:00 PM,0.0015614,0.17760286,0.0015614,0.17760286,MEMORIAL HOSPITAL - NORTHWEST,1635,N,LOOP, ,W,HOUSTON,77008,2,0.0
108,54,6,1,184,77008,877,105,756,16,11/17/2020 4:00 PM,0.0015614,0.17760286,0.0015614,0.17760286,SELECT SPECIALTY HOSPITAL,1917, ,ASHLAND, , ,HOUSTON,77008,2,0.0
109,55,6,1,216,77009,1595,137,1422,36,11/17/2020 4:00 PM,0.00147954,0.1704503,0.00147954,0.1704503,SELECT SPECIALTY HOSPITAL,1917, ,ASHLAND, , ,HOUSTON,77008,2,0.88853131
110,55,14,2,216,77009,1595,137,1422,36,11/17/2020 4:00 PM,0.00147954,0.1704503,0.00147954,0.1704503,HOUSTON RECOVERY,4514, ,LYONS,AVE, ,HOUSTON,77020,2,1.58786904
111,56,7,1,87,77028,807,64,728,15,11/17/2020 4:00 PM,0.00223784,0.23225801,0.00223784,0.23225801,LYNDON B. JOHNSON HOSPITAL,5656, ,KELLEY, , ,HOUSTON,77026,1,0.1834548
112,56,15,2,87,77028,807,64,728,15,11/17/2020 4:00 PM,0.00223784,0.23225801,0.00223784,0.23225801,DOCTOR'S HOSPITAL - EAST LOOP,9339,N,LOOP, ,E,HOUSTON,77029,2,1.09623086
113,57,15,1,68,77029,970,55,891,24,11/17/2020 4:00 PM,0.00310933,0.33817596,0.00310933,0.33817596,DOCTOR'S HOSPITAL - EAST LOOP,9339,N,LOOP, ,E,HOUSTON,77029,2,0.0
114,57,89,2,68,77029,970,55,891,24,11/17/2020 4:00 PM,0.00310933,0.33817596,0.00310933,0.33817596,BRILELA McCREA WOMAN'S PLACE,12605, ,EAST FREEWAY, , ,HOUSTON,77015,2,0.58215544
115,58,66,1,59,77031,735,47,676,12,11/17/2020 4:00 PM,0.00077982,0.13906297,0.00077982,0.13906296,FOUNTAIN BROOK HOSPITAL,11919,W,AIRPORT,BLVD, ,SUGAR LAND,77477,2,0.98649088
116,58,19,2,59,77031,735,47,676,12,11/17/2020 4:00 PM,0.00077982,0.13906297,0.00077982,0.13906296,MEMORIAL HOSPITAL - SOUTHWEST,7600, ,BEECHNUT, , ,HOUSTON,77074,2,1.45130898
117,59,2,1,43,77041,1274,111,1152,11,11/17/2020 4:00 PM,0.00520655,0.41513179,0.00520655,0.41513179,MEMORIAL SPRING SHADOWS GLEN HOSPITAL,2801, ,GESSNER, , ,HOUSTON,77080,2,0.43842634
118,59,55,2,43,77041,1274,111,1152,11,11/17/2020 4:00 PM,0.00520655,0.41513179,0.00520655,0.41513179,KINDRED HOSPITAL HOUSTON NORTHWEST,11297, ,FALLBROOK, , , ,77065,2,1.68620906
119,60,42,1,178,77047,1351,119,1220,12,11/17/2020 4:00 PM,0.00347168,0.32575719,0.00347168,0.32575719,CULLEN WOMENS CENTER HOSPITAL,7443, ,CULLEN, , ,HOUSTON,77051,2,2.04071086
120,60,24,2,178,77047,1351,119,1220,12,11/17/2020 4:00 PM,0.00347168,0.32575719,0.00347168,0.32575719,INTRACARE HOSPITAL,7601, ,FANNIN, , ,HOUSTON,77054,2,3.70147959
121,61,42,1,197,77051,721,40,672,9,11/17/2020 4:00 PM,0.001401,0.20744526,0.001401,0.20744527,CULLEN WOMENS CENTER HOSPITAL,7443, ,CULLEN, , ,HOUSTON,77051,2,0.0
122,61,24,2,197,77051,721,40,672,9,11/17/2020 4:00 PM,0.001401,0.20744526,0.001401,0.20744527,INTRACARE HOSPITAL,7601, ,FANNIN, , ,HOUSTON,77054,2,1.39542303
123,62,50,1,107,77034,1968,154,1794,20,11/17/2020 4:00 PM,0.00324382,0.3726589,0.00324382,0.3726589,MEMORIAL HOSPITAL - SOUTHEAST,11800, ,ASTORIA,BLVD, ,HOUSTON,77089,2,0.93432217
124,62,81,2,107,77034,1968,154,1794,20,11/17/2020 4:00 PM,0.00324382,0.3726589,0.00324382,0.3726589,SURGICAL OUTPATIENT HOSPITAL,3534, ,VISTA,RD, ,PASADENA,77504,2,1.24178513
125,63,15,1,125,77044,2116,148,1951,17,11/17/2020 4:00 PM,0.01082353,0.57252229,0.01082353,0.57252229,DOCTOR'S HOSPITAL - EAST LOOP,9339,N,LOOP, ,E,HOUSTON,77029,2,3.18948487
126,63,89,2,125,77044,2116,148,1951,17,11/17/2020 4:00 PM,0.01082353,0.57252229,0.01082353,0.57252229,BRILELA McCREA WOMAN'S PLACE,12605, ,EAST FREEWAY, , ,HOUSTON,77015,2,3.78473097
127,64,11,1,266,77046,61,12,49,0,11/17/2020 4:00 PM,2.18e-05,0.02573954,2.18e-05,0.02573954,TWELVE OAKS HOSPITAL / BAYOU CITY MEDICAL CENTER,4200, ,PORTSMOUTH, , ,HOUSTON,77027,2,0.3991436
128,64,108,2,266,77046,61,12,49,0,11/17/2020 4:00 PM,2.18e-05,0.02573954,2.18e-05,0.02573954,HOUSTON DAY HOSPITAL,4665, ,SOUTHWEST FRWY, , ,HOUSTON,77027,2,0.99763059
129,65,24,1,196,77054,803,79,721,3,11/17/2020 4:00 PM,0.0013113,0.20189757,0.0013113,0.20189757,INTRACARE HOSPITAL,7601, ,FANNIN, , ,HOUSTON,77054,2,0.0
130,65,25,1,196,77054,803,79,721,3,11/17/2020 4:00 PM,0.0013113,0.20189757,0.0013113,0.20189757,MEDICAL CENTER HOSPITAL,8081, ,GREENBRAIR, , ,HOUSTON,77054,2,0.0
131,66,14,1,221,77011,1082,84,965,33,11/17/2020 4:00 PM,0.00088111,0.17311426,0.00088111,0.17311426,HOUSTON RECOVERY,4514, ,LYONS,AVE, ,HOUSTON,77020,2,1.10146486
132,66,13,2,221,77011,1082,84,965,33,11/17/2020 4:00 PM,0.00088111,0.17311426,0.00088111,0.17311426,RIVERSIDE GENERAL HOSPITAL,3204, ,ENNIS ST, , ,HOUSTON,77004,2,1.88448664
133,67,9,1,183,77024,898,124,765,9,11/17/2020 4:00 PM,0.00310219,0.41473694,0.00310219,0.41473694,MEMORIAL HOSPITAL - MEMORIAL CITY,920, ,FROSTWOOD, , ,HOUSTON,77024,2,0.0
134,67,54,1,183,77024,898,124,765,9,11/17/2020 4:00 PM,0.00310219,0.41473694,0.00310219,0.41473694,WEST HOUSTON SURGICARE,970, ,CAMPBELL, , ,HEDWIG VILLAGE,77024,2,0.0
135,68,7,1,45,77026,972,58,888,26,11/17/2020 4:00 PM,0.00157844,0.17605496,0.00157844,0.17605497,LYNDON B. JOHNSON HOSPITAL,5656, ,KELLEY, , ,HOUSTON,77026,1,0.0
136,68,14,2,45,77026,972,58,888,26,11/17/2020 4:00 PM,0.00157844,0.17605496,0.00157844,0.17605497,HOUSTON RECOVERY,4514, ,LYONS,AVE, ,HOUSTON,77020,2,0.49519136
137,69,18,1,62,77057,1377,128,1223,26,11/17/2020 4:00 PM,0.00103277,0.17681171,0.00103277,0.17681171,WEST OAKS HOSPITAL,6500, ,HORNWOOD, , ,HOUSTON,77074,2,0.9155498
138,69,17,2,62,77057,1377,128,1223,26,11/17/2020 4:00 PM,0.00103277,0.17681171,0.00103277,0.17681171,SHARPSTOWN GENERAL HOSPITAL,6700, ,BELLAIRE,BLVD, ,HOUSTON,77074,2,1.1060866
139,70,10,1,63,77063,1329,119,1190,20,11/17/2020 4:00 PM,0.00105133,0.22462942,0.00105133,0.22462942,COLUMBIA ROSEWOOD MEDICAL CENTER,9200, ,WESTHEIMER, , ,HOUSTON,77063,2,0.0
140,70,18,2,63,77063,1329,119,1190,20,11/17/2020 4:00 PM,0.00105133,0.22462942,0.00105133,0.22462942,WEST OAKS HOSPITAL,6500, ,HORNWOOD, , ,HOUSTON,77074,2,0.92844882
141,71,55,1,39,77065,1111,91,1017,3,11/17/2020 4:00 PM,0.00206219,0.29698384,0.00206219,0.29698384,KINDRED HOSPITAL HOUSTON NORTHWEST,11297, ,FALLBROOK, , , ,77065,2,0.0
142,71,61,1,39,77065,1111,91,1017,3,11/17/2020 4:00 PM,0.00206219,0.29698384,0.00206219,0.29698384,CY-FAIR MEDICAL CENTER HOSPITAL,10655, ,STEEPLETOP,DR, , ,77065,2,0.0
143,72,77,1,54,77066,1180,102,1074,4,11/17/2020 4:00 PM,0.00211834,0.24190268,0.00211834,0.24190268,METHODIST WILLOWBROOK HOSPITAL,18220, ,TOMBALL,PKWY, ,HOUSTON,77070,2,0.84385237
144,72,59,2,54,77066,1180,102,1074,4,11/17/2020 4:00 PM,0.00211834,0.24190268,0.00211834,0.24190268,CHAMPIONS PSYCHIATRIC CENTER,14320, ,WALTERS,RD, , ,77014,2,1.16557085
145,73,59,1,51,77068,360,33,323,4,11/17/2020 4:00 PM,0.00093739,0.19806748,0.00093739,0.19806749,CHAMPIONS PSYCHIATRIC CENTER,14320, ,WALTERS,RD, , ,77014,2,0.23301647
146,73,69,2,51,77068,360,33,323,4,11/17/2020 4:00 PM,0.00093739,0.19806748,0.00093739,0.19806749,HEALTH SOUTH REHALIBITATION INSTITUTE,17506, ,RED OAK,DR, , ,77090,2,1.22915382
147,74,108,1,166,77056,660,101,554,5,11/17/2020 4:00 PM,0.00082364,0.15126316,0.00082364,0.15126316,HOUSTON DAY HOSPITAL,4665, ,SOUTHWEST FRWY, , ,HOUSTON,77027,2,0.39215649
148,74,11,2,166,77056,660,101,554,5,11/17/2020 4:00 PM,0.00082364,0.15126316,0.00082364,0.15126316,TWELVE OAKS HOSPITAL / BAYOU CITY MEDICAL CENTER,4200, ,PORTSMOUTH, , ,HOUSTON,77027,2,0.92460186
149,75,48,1,113,77062,652,73,570,9,11/17/2020 4:00 PM,0.00137313,0.17725438,0.00137313,0.17725439,CLEAR LAKE REHAB HOSPITAL,655,E,MEDICAL CENTER,BLVD, , ,77598,2,0.54163468
150,75,60,2,113,77062,652,73,570,9,11/17/2020 4:00 PM,0.00137313,0.17725438,0.00137313,0.17725439,CLEAR LAKE REGIONAL MEDICAL CENTER,500, ,MEDICAL CENTER,BLVD, ,WEBSTER,77598,2,0.66296229
151,76,59,1,77,77067,1184,80,1095,9,11/17/2020 4:00 PM,0.00146311,0.20333346,0.00146311,0.20333346,CHAMPIONS PSYCHIATRIC CENTER,14320, ,WALTERS,RD, , ,77014,2,1.812428
152,76,71,2,77,77067,1184,80,1095,9,11/17/2020 4:00 PM,0.00146311,0.20333346,0.00146311,0.20333346,HOUSTON NW MEDICAL CENTER,710, ,FM 1960 WEST, , ,HOUSTON,77090,2,3.61816091
153,77,50,1,124,77075,1735,146,1567,22,11/17/2020 4:00 PM,0.00283449,0.30130224,0.00283449,0.30130225,MEMORIAL HOSPITAL - SOUTHEAST,11800, ,ASTORIA,BLVD, ,HOUSTON,77089,2,2.13834668
154,77,81,2,124,77075,1735,146,1567,22,11/17/2020 4:00 PM,0.00283449,0.30130224,0.00283449,0.30130225,SURGICAL OUTPATIENT HOSPITAL,3534, ,VISTA,RD, ,PASADENA,77504,2,3.17446738
155,78,8,1,65,77072,2620,161,2399,60,11/17/2020 4:00 PM,0.00178503,0.1926629,0.00178503,0.1926629,HCA W. HOUSTON MEDICAL CENTER,12141, ,RICHMOND,AVE, ,HOUSTON,77082,2,0.96571641
156,78,85,2,65,77072,2620,161,2399,60,11/17/2020 4:00 PM,0.00178503,0.1926629,0.00178503,0.1926629,HEALTH BRIDGE CHILDREN'S HOSPITAL,2929, ,WOODLAND PARK, , ,HOUSTON,77082,2,1.11461491
157,79,100,1,78,77073,2121,176,1933,12,11/17/2020 4:00 PM,0.00394974,0.3929991,0.00394974,0.3929991,TRIUMPH HOSPITAL NORTHWEST HOUSTON,205, ,HOLLOW TREE,LN, ,HOUSTON,77090,2,0.55248274
158,79,65,2,78,77073,2121,176,1933,12,11/17/2020 4:00 PM,0.00394974,0.3929991,0.00394974,0.3929991,FOREST SPRING HOSPITAL,1120, ,CYPRESS STATION,DR, ,HOUSTON,77090,2,0.730929
159,80,1,1,74,77076,1603,126,1455,22,11/17/2020 4:00 PM,0.00119516,0.19487934,0.00119516,0.19487934,DOCTOR'S HOSPITAL - PARKWAY,233,W,PARKER,RD, ,HOUSTON,77076,2,0.0
160,80,43,1,74,77076,1603,126,1455,22,11/17/2020 4:00 PM,0.00119516,0.19487934,0.00119516,0.19487934,HCA N. HOUSTON MEDICAL CENTER PARKVIEW,7407, ,NORTH FREEWAY, , ,HOUSTON,77076,2,0.0
161,81,15,1,88,77078,730,45,677,8,11/17/2020 4:00 PM,0.00235859,0.26550901,0.00235859,0.265509,DOCTOR'S HOSPITAL - EAST LOOP,9339,N,LOOP, ,E,HOUSTON,77029,2,1.47074276
162,81,7,2,88,77078,730,45,677,8,11/17/2020 4:00 PM,0.00235859,0.26550901,0.00235859,0.265509,LYNDON B. JOHNSON HOSPITAL,5656, ,KELLEY, , ,HOUSTON,77026,1,2.92811956
163,82,9,1,116,77079,874,103,767,4,11/17/2020 4:00 PM,0.001862,0.25156519,0.001862,0.25156519,MEMORIAL HOSPITAL - MEMORIAL CITY,920, ,FROSTWOOD, , ,HOUSTON,77024,2,0.96069501
164,82,85,2,116,77079,874,103,767,4,11/17/2020 4:00 PM,0.001862,0.25156519,0.001862,0.25156519,HEALTH BRIDGE CHILDREN'S HOSPITAL,2929, ,WOODLAND PARK, , ,HOUSTON,77082,2,1.96583502
165,83,3,1,44,77080,1992,110,1855,27,11/17/2020 4:00 PM,0.00158121,0.21725268,0.00158121,0.21725269,SPRING BRANCH MEDICAL CENTER,8850, ,LONG POINT, , ,HOUSTON,77055,2,0.04292153
166,83,2,2,44,77080,1992,110,1855,27,11/17/2020 4:00 PM,0.00158121,0.21725268,0.00158121,0.21725269,MEMORIAL SPRING SHADOWS GLEN HOSPITAL,2801, ,GESSNER, , ,HOUSTON,77080,2,0.06552227
167,84,90,1,41,77084,4819,405,4393,21,11/17/2020 4:00 PM,0.0076727,0.46564401,0.0076727,0.465644,CHRISTUS ST. CATHERINE,777,S,FRY,RD, ,HOUSTON,77094,2,0.68304352
168,84,2,2,41,77084,4819,405,4393,21,11/17/2020 4:00 PM,0.0076727,0.46564401,0.0076727,0.465644,MEMORIAL SPRING SHADOWS GLEN HOSPITAL,2801, ,GESSNER, , ,HOUSTON,77080,2,3.49951873
169,85,47,1,120,77093,2408,150,2229,29,11/17/2020 4:00 PM,0.00289542,0.24567979,0.00289542,0.24567979,HOUSTON COMMUNITY HOSPITAL - NORTHSIDE,2807,W,LITTLE YORK,RD, , ,77093,2,0.0
170,85,7,2,120,77093,2408,150,2229,29,11/17/2020 4:00 PM,0.00289542,0.24567979,0.00289542,0.24567979,LYNDON B. JOHNSON HOSPITAL,5656, ,KELLEY, , ,HOUSTON,77026,1,1.55401139
171,86,55,1,40,77095,1917,183,1716,18,11/17/2020 4:00 PM,0.00355862,0.33649403,0.00355862,0.33649403,KINDRED HOSPITAL HOUSTON NORTHWEST,11297, ,FALLBROOK, , , ,77065,2,1.82473687
172,86,61,2,40,77095,1917,183,1716,18,11/17/2020 4:00 PM,0.00355862,0.33649403,0.00355862,0.33649403,CY-FAIR MEDICAL CENTER HOSPITAL,10655, ,STEEPLETOP,DR, , ,77065,2,1.86247358
173,87,36,1,60,77096,979,88,880,11,11/17/2020 4:00 PM,0.00148269,0.19930339,0.00148269,0.19930339,SPECIALTY HOSPITAL OF HOUSTON,5556, ,GASMER, , ,HOUSTON,77035,2,0.47149458
174,87,39,2,60,77096,979,88,880,11,11/17/2020 4:00 PM,0.00148269,0.19930339,0.00148269,0.19930339,MEDICAL CENTER HOSPITAL - BELLAIRE,5314, ,DASHWOOD, , ,HOUSTON,77081,2,1.17371263
175,88,85,1,46,77077,2087,172,1897,18,11/17/2020 4:00 PM,0.00215088,0.24140735,0.00215088,0.24140735,HEALTH BRIDGE CHILDREN'S HOSPITAL,2929, ,WOODLAND PARK, , ,HOUSTON,77082,2,0.14773191
176,88,8,2,46,77077,2087,172,1897,18,11/17/2020 4:00 PM,0.00215088,0.24140735,0.00215088,0.24140735,HCA W. HOUSTON MEDICAL CENTER,12141, ,RICHMOND,AVE, ,HOUSTON,77082,2,0.24449772
177,89,39,1,167,77081,2112,127,1956,29,11/17/2020 4:00 PM,0.000747,0.1914848,0.000747,0.1914848,MEDICAL CENTER HOSPITAL - BELLAIRE,5314, ,DASHWOOD, , ,HOUSTON,77081,2,0.0
178,89,18,2,167,77081,2112,127,1956,29,11/17/2020 4:00 PM,0.000747,0.1914848,0.000747,0.1914848,WEST OAKS HOSPITAL,6500, ,HORNWOOD, , ,HOUSTON,77074,2,0.16828718
179,90,5,1,72,77092,1406,117,1269,20,11/17/2020 4:00 PM,0.00193694,0.27199565,0.00193694,0.27199565,MEMORIAL HOSPITAL - NORTHWEST,1635,N,LOOP, ,W,HOUSTON,77008,2,0.6852282
180,90,3,2,72,77092,1406,117,1269,20,11/17/2020 4:00 PM,0.00193694,0.27199565,0.00193694,0.27199565,SPRING BRANCH MEDICAL CENTER,8850, ,LONG POINT, , ,HOUSTON,77055,2,1.70366932
181,91,36,1,168,77035,1457,109,1324,24,11/17/2020 4:00 PM,0.00145835,0.24773207,0.00145835,0.24773207,SPECIALTY HOSPITAL OF HOUSTON,5556, ,GASMER, , ,HOUSTON,77035,2,0.0
182,91,39,2,168,77035,1457,109,1324,24,11/17/2020 4:00 PM,0.00145835,0.24773207,0.00145835,0.24773207,MEDICAL CENTER HOSPITAL - BELLAIRE,5314, ,DASHWOOD, , ,HOUSTON,77081,2,2.63385564
183,92,43,1,75,77037,954,60,884,10,11/17/2020 4:00 PM,0.00161586,0.27149283,0.00161586,0.27149284,HCA N. HOUSTON MEDICAL CENTER PARKVIEW,7407, ,NORTH FREEWAY, , ,HOUSTON,77076,2,0.22128703
184,92,1,2,75,77037,954,60,884,10,11/17/2020 4:00 PM,0.00161586,0.27149283,0.00161586,0.27149284,DOCTOR'S HOSPITAL - PARKWAY,233,W,PARKER,RD, ,HOUSTON,77076,2,0.76127666
185,93,55,1,48,77040,1945,158,1763,24,11/17/2020 4:00 PM,0.00337194,0.3454231,0.00337194,0.34542309,KINDRED HOSPITAL HOUSTON NORTHWEST,11297, ,FALLBROOK, , , ,77065,2,1.83412818
186,93,61,2,48,77040,1945,158,1763,24,11/17/2020 4:00 PM,0.00337194,0.3454231,0.00337194,0.34542309,CY-FAIR MEDICAL CENTER HOSPITAL,10655, ,STEEPLETOP,DR, , ,77065,2,2.05665885
187,94,11,1,226,77098,380,48,326,6,11/17/2020 4:00 PM,0.00042817,0.10200025,0.00042817,0.10200024,TWELVE OAKS HOSPITAL / BAYOU CITY MEDICAL CENTER,4200, ,PORTSMOUTH, , ,HOUSTON,77027,2,0.90961598
188,94,27,2,226,77098,380,48,326,6,11/17/2020 4:00 PM,0.00042817,0.10200025,0.00042817,0.10200024,PARK PLAZA HOSPITAL,1313, ,HERMANN,DR, ,HOUSTON,77004,2,0.91590607
189,95,38,1,153,77339,451,66,362,23,11/17/2020 4:00 PM,0.00318266,0.26350602,0.00318266,0.26350602,KINGWOOD HOSPITAL,2001, ,LADBROOK,DR, ,HOUSTON,77339,2,0.0
190,95,72,1,153,77339,451,66,362,23,11/17/2020 4:00 PM,0.00318266,0.26350602,0.00318266,0.26350602,KINGWOOD URGING CARE,2313, ,TIMBER SHADOWS,DR, ,HOUSTON,77339,2,0.0
191,96,100,1,101,77373,1814,163,1628,23,11/17/2020 4:00 PM,0.00579192,0.42171538,0.00579192,0.42171538,TRIUMPH HOSPITAL NORTHWEST HOUSTON,205, ,HOLLOW TREE,LN, ,HOUSTON,77090,2,0.81194634
192,96,65,2,101,77373,1814,163,1628,23,11/17/2020 4:00 PM,0.00579192,0.42171538,0.00579192,0.42171538,FOREST SPRING HOSPITAL,1120, ,CYPRESS STATION,DR, ,HOUSTON,77090,2,1.04523918
193,98,100,1,35,77388,1202,119,1074,9,11/17/2020 4:00 PM,0.00321218,0.34008801,0.00321218,0.34008802,TRIUMPH HOSPITAL NORTHWEST HOUSTON,205, ,HOLLOW TREE,LN, ,HOUSTON,77090,2,0.56174298
194,98,69,2,35,77388,1202,119,1074,9,11/17/2020 4:00 PM,0.00321218,0.34008801,0.00321218,0.34008802,HEALTH SOUTH REHALIBITATION INSTITUTE,17506, ,RED OAK,DR, , ,77090,2,0.60585705
195,99,2,1,70,77043,972,91,865,16,11/17/2020 4:00 PM,0.00276179,0.2787022,0.00276179,0.27870219,MEMORIAL SPRING SHADOWS GLEN HOSPITAL,2801, ,GESSNER, , ,HOUSTON,77080,2,0.0
196,99,9,2,70,77043,972,91,865,16,11/17/2020 4:00 PM,0.00276179,0.2787022,0.00276179,0.27870219,MEMORIAL HOSPITAL - MEMORIAL CITY,920, ,FROSTWOOD, , ,HOUSTON,77024,2,0.16968149
197,100,36,1,118,77045,1720,136,1555,29,11/17/2020 4:00 PM,0.00304558,0.27926945,0.00304558,0.27926945,SPECIALTY HOSPITAL OF HOUSTON,5556, ,GASMER, , ,HOUSTON,77035,2,0.86222712
198,100,24,2,118,77045,1720,136,1555,29,11/17/2020 4:00 PM,0.00304558,0.27926945,0.00304558,0.27926945,INTRACARE HOSPITAL,7601, ,FANNIN, , ,HOUSTON,77054,2,1.42265567
199,101,72,1,83,77336,247,17,228,2,11/17/2020 4:00 PM,0.01121723,0.49817492,0.01121723,0.49817492,KINGWOOD URGING CARE,2313, ,TIMBER SHADOWS,DR, ,HOUSTON,77339,2,4.64745029
200,101,38,2,83,77336,247,17,228,2,11/17/2020 4:00 PM,0.01121723,0.49817492,0.01121723,0.49817492,KINGWOOD HOSPITAL,2001, ,LADBROOK,DR, ,HOUSTON,77339,2,4.8187212
201,102,37,1,144,77338,1670,116,1510,44,11/17/2020 4:00 PM,0.00663469,0.58390629,0.00663469,0.58390629,NORTHEAST MEDICAL CENTER,18951,N,MEMORIAL,BLVD, ,HUMBLE,77338,2,0.0
202,102,70,1,144,77338,1670,116,1510,44,11/17/2020 4:00 PM,0.00663469,0.58390629,0.00663469,0.58390629,HEALTH SOUTH REHABILITATION HOSPITAL OF HUMBLE,19002, ,MC KAY,DR, ,HUMBLE,77338,2,0.0
203,103,38,1,141,77346,2012,154,1842,16,11/17/2020 4:00 PM,0.00535697,0.3709042,0.00535697,0.3709042,KINGWOOD HOSPITAL,2001, ,LADBROOK,DR, ,HOUSTON,77339,2,2.01334491
204,103,72,2,141,77346,2012,154,1842,16,11/17/2020 4:00 PM,0.00535697,0.3709042,0.00535697,0.3709042,KINGWOOD URGING CARE,2313, ,TIMBER SHADOWS,DR, ,HOUSTON,77339,2,2.35372876
205,106,84,1,33,77377,795,99,689,7,11/17/2020 4:00 PM,0.00873757,0.71781419,0.00873757,0.71781419,TEXAS SPORTS MEDICAL CENTER,611, ,HOLDERRIETH, , ,TOMBALL,77375,2,0.4527444
206,106,83,2,33,77377,795,99,689,7,11/17/2020 4:00 PM,0.00873757,0.71781419,0.00873757,0.71781419,TOMBALL REGIONAL HOSPITAL,605, ,HOLDERRIETH, , ,TOMBALL,77375,2,0.55105419
207,108,91,1,143,77386,9,1,8,0,11/17/2020 4:00 PM,4.882e-05,0.22369601,4.882e-05,0.22369602,KINGWOOD MEDICAL CENTER,22999, ,US HIGHWAY 59, ,N,HOUSTON,77339,2,1.35017981
208,108,38,2,143,77386,9,1,8,0,11/17/2020 4:00 PM,4.882e-05,0.22369601,4.882e-05,0.22369602,KINGWOOD HOSPITAL,2001, ,LADBROOK,DR, ,HOUSTON,77339,2,2.16128991
209,109,42,1,96,77048,839,50,777,12,11/17/2020 4:00 PM,0.00259561,0.26874414,0.00259561,0.26874414,CULLEN WOMENS CENTER HOSPITAL,7443, ,CULLEN, , ,HOUSTON,77051,2,1.96170021
210,109,35,2,96,77048,839,50,777,12,11/17/2020 4:00 PM,0.00259561,0.26874414,0.00259561,0.26874414,I H S HOSPITAL,6160,S,LOOP, ,E,HOUSTON,77087,2,2.69013062
211,110,16,1,91,77049,1625,114,1488,23,11/17/2020 4:00 PM,0.00654372,0.55109318,0.00654372,0.55109318,EAST HOUSTON REGIONAL MEDICAL CENTER,13111, ,EAST FREEWAY, , ,HOUSTON,77015,2,1.87573798
212,110,89,2,91,77049,1625,114,1488,23,11/17/2020 4:00 PM,0.00654372,0.55109318,0.00654372,0.55109318,BRILELA McCREA WOMAN'S PLACE,12605, ,EAST FREEWAY, , ,HOUSTON,77015,2,1.87730458
213,111,69,1,36,77389,799,86,709,4,11/17/2020 4:00 PM,0.0052747,0.46966232,0.0052747,0.46966233,HEALTH SOUTH REHALIBITATION INSTITUTE,17506, ,RED OAK,DR, , ,77090,2,3.58119321
214,111,100,2,36,77389,799,86,709,4,11/17/2020 4:00 PM,0.0052747,0.46966232,0.0052747,0.46966233,TRIUMPH HOSPITAL NORTHWEST HOUSTON,205, ,HOLLOW TREE,LN, ,HOUSTON,77090,2,3.68364662
215,112,90,1,100,77449,5022,324,4650,48,11/17/2020 4:00 PM,0.00656889,0.42880766,0.00656889,0.42880765,CHRISTUS ST. CATHERINE,777,S,FRY,RD, ,HOUSTON,77094,2,0.68673206
216,112,74,2,100,77449,5022,324,4650,48,11/17/2020 4:00 PM,0.00656889,0.42880766,0.00656889,0.42880765,MEMORIAL HERMANN - KATY HOSPITAL,5602, ,MEDICAL CENTER, , ,KATY,77494,2,2.7446206
217,113,84,1,256,77484,105,6,98,1,11/17/2020 4:00 PM,0.00790318,0.53439524,0.00790318,0.53439525,TEXAS SPORTS MEDICAL CENTER,611, ,HOLDERRIETH, , ,TOMBALL,77375,2,13.04648623
218,113,83,2,256,77484,105,6,98,1,11/17/2020 4:00 PM,0.00790318,0.53439524,0.00790318,0.53439525,TOMBALL REGIONAL HOSPITAL,605, ,HOLDERRIETH, , ,TOMBALL,77375,2,13.12936811
219,114,66,1,27,77498,8,0,8,0,11/17/2020 4:00 PM,8.58e-06,0.02335223,8.58e-06,0.02335223,FOUNTAIN BROOK HOSPITAL,11919,W,AIRPORT,BLVD, ,SUGAR LAND,77477,2,2.12469765
220,114,8,2,27,77498,8,0,8,0,11/17/2020 4:00 PM,8.58e-06,0.02335223,8.58e-06,0.02335223,HCA W. HOUSTON MEDICAL CENTER,12141, ,RICHMOND,AVE, ,HOUSTON,77082,2,4.11499602
221,115,53,1,110,77505,929,84,830,15,11/17/2020 4:00 PM,0.00200578,0.2562142,0.00200578,0.2562142,HCA DEER PARK HOSPITAL,4525, ,GLENWOOD, , ,DEER PARK,77536,2,0.21398281
222,115,104,2,110,77505,929,84,830,15,11/17/2020 4:00 PM,0.00200578,0.2562142,0.00200578,0.2562142,VISTA MEDICAL CENTER,4301, ,VISTA, , ,PASADENA,77504,2,0.23195738
223,116,96,1,102,77506,2055,101,1934,20,11/17/2020 4:00 PM,0.00250719,0.23606729,0.00250719,0.23606729,KINDRED BAY AREA HOSPITAL,1004, ,SEYMOUR,DR, ,PASADENA,77506,2,0.0
224,116,75,2,102,77506,2055,101,1934,20,11/17/2020 4:00 PM,0.00250719,0.23606729,0.00250719,0.23606729,MEMORIAL HERMANN - PASADENA,906,E,SOUTHMORE, , ,PASADENA,77502,2,0.09338673
225,117,57,1,138,77523,44,2,42,0,11/17/2020 4:00 PM,0.00090453,0.23572453,0.00090453,0.23572453,TRIUMPH HOSPITAL BAYTOWN,1700, ,JAMES BOWIE DR, , , ,77520,2,0.83750319
226,117,107,2,138,77523,44,2,42,0,11/17/2020 4:00 PM,0.00090453,0.23572453,0.00090453,0.23572453,SAN JACINTO METHODIST HOSPITAL,1101, ,DECKER,DR, , ,77520,2,1.52453153
227,118,47,1,82,77050,157,5,148,4,11/17/2020 4:00 PM,0.00182927,0.23270183,0.00182927,0.23270183,HOUSTON COMMUNITY HOSPITAL - NORTHSIDE,2807,W,LITTLE YORK,RD, , ,77093,2,2.49328202
228,118,86,2,82,77050,157,5,148,4,11/17/2020 4:00 PM,0.00182927,0.23270183,0.00182927,0.23270183,HEALTHSOUTH NORTHEAST SURGERY CENTER,18929, ,EASTEX FREEWAY, , ,HUMBLE,77338,2,4.98302123
229,119,36,1,126,77053,828,51,761,16,11/17/2020 4:00 PM,0.0009508,0.16091564,0.0009508,0.16091565,SPECIALTY HOSPITAL OF HOUSTON,5556, ,GASMER, , ,HOUSTON,77035,2,2.83068571
230,119,24,2,126,77053,828,51,761,16,11/17/2020 4:00 PM,0.0009508,0.16091564,0.0009508,0.16091565,INTRACARE HOSPITAL,7601, ,FANNIN, , ,HOUSTON,77054,2,5.41588596
231,120,39,1,194,77401,291,29,261,1,11/17/2020 4:00 PM,0.00089756,0.16864967,0.00089756,0.16864966,MEDICAL CENTER HOSPITAL - BELLAIRE,5314, ,DASHWOOD, , ,HOUSTON,77081,2,0.04107747
232,120,108,2,194,77401,291,29,261,1,11/17/2020 4:00 PM,0.00089756,0.16864967,0.00089756,0.16864966,HOUSTON DAY HOSPITAL,4665, ,SOUTHWEST FRWY, , ,HOUSTON,77027,2,0.26594829
233,121,90,1,32,77407,18,0,18,0,11/17/2020 4:00 PM,4.8e-07,0.00358793,4.8e-07,0.00358793,CHRISTUS ST. CATHERINE,777,S,FRY,RD, ,HOUSTON,77094,2,5.12611664
234,121,8,2,32,77407,18,0,18,0,11/17/2020 4:00 PM,4.8e-07,0.00358793,4.8e-07,0.00358793,HCA W. HOUSTON MEDICAL CENTER,12141, ,RICHMOND,AVE, ,HOUSTON,77082,2,5.40309674
235,122,53,1,111,77507,26,2,24,0,11/17/2020 4:00 PM,0.00347301,0.33047978,0.00347301,0.33047979,HCA DEER PARK HOSPITAL,4525, ,GLENWOOD, , ,DEER PARK,77536,2,1.33409035
236,122,56,2,111,77507,26,2,24,0,11/17/2020 4:00 PM,0.00347301,0.33047978,0.00347301,0.33047979,TRI CITY REGIONAL HOSPITAL,4040, ,RED BUFF, , ,PASADENA,77503,2,2.57312061
237,123,57,1,137,77520,1728,77,1620,31,11/17/2020 4:00 PM,0.00757956,0.55631302,0.00757956,0.55631302,TRIUMPH HOSPITAL BAYTOWN,1700, ,JAMES BOWIE DR, , , ,77520,2,0.0
238,123,107,1,137,77520,1728,77,1620,31,11/17/2020 4:00 PM,0.00757956,0.55631302,0.00757956,0.55631302,SAN JACINTO METHODIST HOSPITAL,1101, ,DECKER,DR, , ,77520,2,0.0
239,124,106,1,16,77565,1,0,1,0,11/17/2020 4:00 PM,1.467e-05,0.05649202,1.467e-05,0.05649202,CHRISTUS ST. JOHN HOSPITAL,18300, ,ST JOHN,DR, ,NASSAU BAY,77058,2,1.55130146
240,124,48,2,16,77565,1,0,1,0,11/17/2020 4:00 PM,1.467e-05,0.05649202,1.467e-05,0.05649202,CLEAR LAKE REHAB HOSPITAL,655,E,MEDICAL CENTER,BLVD, , ,77598,2,3.32900519
241,125,81,1,104,77587,1056,58,986,12,11/17/2020 4:00 PM,0.00071785,0.12830559,0.00071785,0.12830559,SURGICAL OUTPATIENT HOSPITAL,3534, ,VISTA,RD, ,PASADENA,77504,2,1.15564655
242,125,75,2,104,77587,1056,58,986,12,11/17/2020 4:00 PM,0.00071785,0.12830559,0.00071785,0.12830559,MEMORIAL HERMANN - PASADENA,906,E,SOUTHMORE, , ,PASADENA,77502,2,1.44017326
243,126,48,1,106,77598,739,41,690,8,11/17/2020 4:00 PM,0.00310343,0.37805089,0.00310343,0.3780509,CLEAR LAKE REHAB HOSPITAL,655,E,MEDICAL CENTER,BLVD, , ,77598,2,0.0
244,126,60,1,106,77598,739,41,690,8,11/17/2020 4:00 PM,0.00310343,0.37805089,0.00310343,0.3780509,CLEAR LAKE REGIONAL MEDICAL CENTER,500, ,MEDICAL CENTER,BLVD, ,WEBSTER,77598,2,0.0
245,127,99,1,89,77530,1491,77,1393,21,11/17/2020 4:00 PM,0.00413342,0.35817075,0.00413342,0.35817075,TRIUMPH HOSPITAL EAST HOUSTON,15101, ,EAST FREEWAY, , , ,77530,2,0.0
246,127,16,2,89,77530,1491,77,1393,21,11/17/2020 4:00 PM,0.00413342,0.35817075,0.00413342,0.35817075,EAST HOUSTON REGIONAL MEDICAL CENTER,13111, ,EAST FREEWAY, , ,HOUSTON,77015,2,2.21209906
247,128,78,1,93,77532,1151,55,1073,23,11/17/2020 4:00 PM,0.02106387,0.67653012,0.02106387,0.67653012,SAN JACINTO METHODIST HOSPITAL,4401, ,GARTH,RD, , ,77521,2,5.14184975
248,128,99,2,93,77532,1151,55,1073,23,11/17/2020 4:00 PM,0.02106387,0.67653012,0.02106387,0.67653012,TRIUMPH HOSPITAL EAST HOUSTON,15101, ,EAST FREEWAY, , , ,77530,2,6.06423873
249,129,53,1,95,77571,1238,82,1144,12,11/17/2020 4:00 PM,0.00942144,0.58282593,0.00942144,0.58282593,HCA DEER PARK HOSPITAL,4525, ,GLENWOOD, , ,DEER PARK,77536,2,1.05857304
250,129,56,2,95,77571,1238,82,1144,12,11/17/2020 4:00 PM,0.00942144,0.58282593,0.00942144,0.58282593,TRI CITY REGIONAL HOSPITAL,4040, ,RED BUFF, , ,PASADENA,77503,2,2.38195181
251,130,50,1,180,77581,64,2,60,2,11/17/2020 4:00 PM,0.00037777,0.2762272,0.00037777,0.2762272,MEMORIAL HOSPITAL - SOUTHEAST,11800, ,ASTORIA,BLVD, ,HOUSTON,77089,2,1.41454798
252,130,79,2,180,77581,64,2,60,2,11/17/2020 4:00 PM,0.00037777,0.2762272,0.00037777,0.2762272,BAYWOOD HOSPITAL,709, ,MEDICAL CENTER,BLVD, ,WEBSTER,77598,2,5.33976408
253,131,106,1,261,77586,551,29,518,4,11/17/2020 4:00 PM,0.0031654,0.33894053,0.0031654,0.33894053,CHRISTUS ST. JOHN HOSPITAL,18300, ,ST JOHN,DR, ,NASSAU BAY,77058,2,1.31925804
254,131,48,2,261,77586,551,29,518,4,11/17/2020 4:00 PM,0.0031654,0.33894053,0.0031654,0.33894053,CLEAR LAKE REHAB HOSPITAL,655,E,MEDICAL CENTER,BLVD, , ,77598,2,2.94746816
255,132,3,1,71,77055,1927,148,1740,39,11/17/2020 4:00 PM,0.00195951,0.29987518,0.00195951,0.29987519,SPRING BRANCH MEDICAL CENTER,8850, ,LONG POINT, , ,HOUSTON,77055,2,0.0
256,132,54,2,71,77055,1927,148,1740,39,11/17/2020 4:00 PM,0.00195951,0.29987518,0.00195951,0.29987519,WEST HOUSTON SURGICARE,970, ,CAMPBELL, , ,HEDWIG VILLAGE,77024,2,0.12854335
257,133,106,1,121,77058,496,50,440,6,11/17/2020 4:00 PM,0.00275359,0.31014343,0.00275359,0.31014344,CHRISTUS ST. JOHN HOSPITAL,18300, ,ST JOHN,DR, ,NASSAU BAY,77058,2,0.0
258,133,48,2,121,77058,496,50,440,6,11/17/2020 4:00 PM,0.00275359,0.31014343,0.00275359,0.31014344,CLEAR LAKE REHAB HOSPITAL,655,E,MEDICAL CENTER,BLVD, , ,77598,2,0.14227513
259,134,53,1,112,77059,307,31,274,2,11/17/2020 4:00 PM,0.00249688,0.23797416,0.00249688,0.23797416,HCA DEER PARK HOSPITAL,4525, ,GLENWOOD, , ,DEER PARK,77536,2,2.39549794
260,134,48,2,112,77059,307,31,274,2,11/17/2020 4:00 PM,0.00249688,0.23797416,0.00249688,0.23797416,CLEAR LAKE REHAB HOSPITAL,655,E,MEDICAL CENTER,BLVD, , ,77598,2,2.50768397
261,135,43,1,76,77060,1940,99,1814,27,11/17/2020 4:00 PM,0.00195047,0.24102185,0.00195047,0.24102185,HCA N. HOUSTON MEDICAL CENTER PARKVIEW,7407, ,NORTH FREEWAY, , ,HOUSTON,77076,2,2.47980722
262,135,47,2,76,77060,1940,99,1814,27,11/17/2020 4:00 PM,0.00195047,0.24102185,0.00195047,0.24102185,HOUSTON COMMUNITY HOSPITAL - NORTHSIDE,2807,W,LITTLE YORK,RD, , ,77093,2,2.898783
263,136,35,1,123,77061,1361,73,1262,26,11/17/2020 4:00 PM,0.00187007,0.25071306,0.00187007,0.25071305,I H S HOSPITAL,6160,S,LOOP, ,E,HOUSTON,77087,2,1.92128682
264,136,42,2,123,77061,1361,73,1262,26,11/17/2020 4:00 PM,0.00187007,0.25071306,0.00187007,0.25071305,CULLEN WOMENS CENTER HOSPITAL,7443, ,CULLEN, , ,HOUSTON,77051,2,2.90201829
265,137,77,1,50,77069,433,51,380,2,11/17/2020 4:00 PM,0.00114931,0.18898736,0.00114931,0.18898735,METHODIST WILLOWBROOK HOSPITAL,18220, ,TOMBALL,PKWY, ,HOUSTON,77070,2,0.70111842
266,137,59,2,50,77069,433,51,380,2,11/17/2020 4:00 PM,0.00114931,0.18898736,0.00114931,0.18898735,CHAMPIONS PSYCHIATRIC CENTER,14320, ,WALTERS,RD, , ,77014,2,1.13841734
267,138,17,1,64,77074,1917,125,1767,25,11/17/2020 4:00 PM,0.00138403,0.26820619,0.00138403,0.2682062,SHARPSTOWN GENERAL HOSPITAL,6700, ,BELLAIRE,BLVD, ,HOUSTON,77074,2,0.0
268,138,18,1,64,77074,1917,125,1767,25,11/17/2020 4:00 PM,0.00138403,0.26820619,0.00138403,0.2682062,WEST OAKS HOSPITAL,6500, ,HORNWOOD, , ,HOUSTON,77074,2,0.0
269,139,8,1,47,77082,1841,159,1642,40,11/17/2020 4:00 PM,0.00286493,0.32479664,0.00286493,0.32479664,HCA W. HOUSTON MEDICAL CENTER,12141, ,RICHMOND,AVE, ,HOUSTON,77082,2,0.0
270,139,85,1,47,77082,1841,159,1642,40,11/17/2020 4:00 PM,0.00286493,0.32479664,0.00286493,0.32479664,HEALTH BRIDGE CHILDREN'S HOSPITAL,2929, ,WOODLAND PARK, , ,HOUSTON,77082,2,0.0
271,140,35,1,158,77087,2198,217,1941,40,11/17/2020 4:00 PM,0.00159042,0.21837852,0.00159042,0.21837852,I H S HOSPITAL,6160,S,LOOP, ,E,HOUSTON,77087,2,0.0
272,140,42,2,158,77087,2198,217,1941,40,11/17/2020 4:00 PM,0.00159042,0.21837852,0.00159042,0.21837852,CULLEN WOMENS CENTER HOSPITAL,7443, ,CULLEN, , ,HOUSTON,77051,2,1.96037064
273,141,62,1,52,77090,1438,114,1310,14,11/17/2020 4:00 PM,0.00219994,0.30000332,0.00219994,0.30000332,CYPRESS CREEK HOSPITAL,17750, ,CALI,DR, ,HOUSTON,77090,2,0.0
274,141,65,1,52,77090,1438,114,1310,14,11/17/2020 4:00 PM,0.00219994,0.30000332,0.00219994,0.30000332,FOREST SPRING HOSPITAL,1120, ,CYPRESS STATION,DR, ,HOUSTON,77090,2,0.0
275,142,4,1,85,77091,1272,154,1096,22,11/17/2020 4:00 PM,0.00178733,0.32195879,0.00178733,0.3219588,DOCTOR'S HOSPITAL - TIDWELL,510,W,TIDWELL,RD, ,HOUSTON,77091,2,0.0
276,142,43,2,85,77091,1272,154,1096,22,11/17/2020 4:00 PM,0.00178733,0.32195879,0.00178733,0.3219588,HCA N. HOUSTON MEDICAL CENTER PARKVIEW,7407, ,NORTH FREEWAY, , ,HOUSTON,77076,2,0.03917889
277,143,66,1,66,77099,2385,132,2217,36,11/17/2020 4:00 PM,0.00138041,0.18121214,0.00138041,0.18121214,FOUNTAIN BROOK HOSPITAL,11919,W,AIRPORT,BLVD, ,SUGAR LAND,77477,2,0.57173137
278,143,19,2,66,77099,2385,132,2217,36,11/17/2020 4:00 PM,0.00138041,0.18121214,0.00138041,0.18121214,MEMORIAL HOSPITAL - SOUTHWEST,7600, ,BEECHNUT, , ,HOUSTON,77074,2,2.25538072
279,144,72,1,99,77345,247,56,190,1,11/17/2020 4:00 PM,0.00202267,0.25326715,0.00202267,0.25326715,KINGWOOD URGING CARE,2313, ,TIMBER SHADOWS,DR, ,HOUSTON,77339,2,2.70933088
280,144,38,2,99,77345,247,56,190,1,11/17/2020 4:00 PM,0.00202267,0.25326715,0.00202267,0.25326715,KINGWOOD HOSPITAL,2001, ,LADBROOK,DR, ,HOUSTON,77339,2,2.71777721
281,147,77,1,38,77379,1861,180,1675,6,11/17/2020 4:00 PM,0.00629046,0.38323969,0.00629046,0.38323968,METHODIST WILLOWBROOK HOSPITAL,18220, ,TOMBALL,PKWY, ,HOUSTON,77070,2,1.50683776
282,147,69,2,38,77379,1861,180,1675,6,11/17/2020 4:00 PM,0.00629046,0.38323969,0.00629046,0.38323968,HEALTH SOUTH REHALIBITATION INSTITUTE,17506, ,RED OAK,DR, , ,77090,2,1.59308405
283,149,86,1,92,77396,2120,149,1945,26,11/17/2020 4:00 PM,0.00596836,0.41417539,0.00596836,0.4141754,HEALTHSOUTH NORTHEAST SURGERY CENTER,18929, ,EASTEX FREEWAY, , ,HUMBLE,77338,2,0.72380143
284,149,70,2,92,77396,2120,149,1945,26,11/17/2020 4:00 PM,0.00596836,0.41417539,0.00596836,0.4141754,HEALTH SOUTH REHABILITATION HOSPITAL OF HUMBLE,19002, ,MC KAY,DR, ,HUMBLE,77338,2,0.74248309
285,150,90,1,149,77450,1143,64,1066,13,11/17/2020 4:00 PM,0.00222654,0.28641149,0.00222654,0.2864115,CHRISTUS ST. CATHERINE,777,S,FRY,RD, ,HOUSTON,77094,2,0.05565352
286,150,74,2,149,77450,1143,64,1066,13,11/17/2020 4:00 PM,0.00222654,0.28641149,0.00222654,0.2864115,MEMORIAL HERMANN - KATY HOSPITAL,5602, ,MEDICAL CENTER, , ,KATY,77494,2,2.55724105
287,151,74,1,203,77493,1522,71,1406,45,11/17/2020 4:00 PM,0.01068308,0.55658215,0.01068308,0.55658215,MEMORIAL HERMANN - KATY HOSPITAL,5602, ,MEDICAL CENTER, , ,KATY,77494,2,1.05934545
288,151,90,2,203,77493,1522,71,1406,45,11/17/2020 4:00 PM,0.01068308,0.55658215,0.01068308,0.55658215,CHRISTUS ST. CATHERINE,777,S,FRY,RD, ,HOUSTON,77094,2,3.58264632
289,152,74,1,150,77494,232,11,217,4,11/17/2020 4:00 PM,0.00065278,0.14224282,0.00065278,0.14224282,MEMORIAL HERMANN - KATY HOSPITAL,5602, ,MEDICAL CENTER, , ,KATY,77494,2,0.81307827
290,152,90,2,150,77494,232,11,217,4,11/17/2020 4:00 PM,0.00065278,0.14224282,0.00065278,0.14224282,CHRISTUS ST. CATHERINE,777,S,FRY,RD, ,HOUSTON,77094,2,3.14127764
291,153,79,1,108,77546,602,20,579,3,11/17/2020 4:00 PM,0.00215284,0.3301673,0.00215284,0.33016731,BAYWOOD HOSPITAL,709, ,MEDICAL CENTER,BLVD, ,WEBSTER,77598,2,0.77025111
292,153,60,2,108,77546,602,20,579,3,11/17/2020 4:00 PM,0.00215284,0.3301673,0.00215284,0.33016731,CLEAR LAKE REGIONAL MEDICAL CENTER,500, ,MEDICAL CENTER,BLVD, ,WEBSTER,77598,2,0.85119553
293,154,106,1,18,77573,12,2,10,0,11/17/2020 4:00 PM,2.232e-05,0.17030065,2.232e-05,0.17030065,CHRISTUS ST. JOHN HOSPITAL,18300, ,ST JOHN,DR, ,NASSAU BAY,77058,2,0.60993439
294,154,48,2,18,77573,12,2,10,0,11/17/2020 4:00 PM,2.232e-05,0.17030065,2.232e-05,0.17030065,CLEAR LAKE REHAB HOSPITAL,655,E,MEDICAL CENTER,BLVD, , ,77598,2,1.53667898
